,0,1,2,3,4,5,6,7,8,9
0,1831.6974091181728,-3.501237658816758,9.179868656457518,-3.950457839855801,-0.7019093263778222,1.771306899886345,3.91629182353812,-0.14042683508302925,-2.8781660037038823,-1.0717496717285186
1,1830.5814077922219,-3.169002145762734,-4.322493042158467,-6.8909142236611025,-5.351127506692142,-5.5609538942263885,-2.820311156303594,-0.19625724363060923,-1.4583756677329973,-1.2377466153795842
2,1829.5805300956197,-3.4408082061031156,-3.6136334463745405,-21.664977181253676,4.589172560408405,0.9829089461208942,-2.735977267965848,0.8304545701557812,9.999399949422875,3.843788375461828
3,1828.7527856439806,-2.9831381192386677,14.732389129228508,6.520259223380568,-5.262491596122422,2.367037143373043,1.791528104642244,-0.6704134422319676,-2.6848868562485113,-1.6424331147785962
4,1827.7581281154573,-2.7945449652556196,15.929316198801812,-6.361177775359018,-0.07043084540749274,0.6372495795472044,-5.905647221755763,0.630546300454921,-3.368493024690686,1.5785980061769478
5,1826.5974212311785,-3.9412688099262065,2.647732746579619,-4.910586073703806,13.62340321189786,10.709296610733768,1.5715820355853463,2.7303468598820464,4.0054458837459155,-2.5015562130259563
6,1825.623207404792,-1.5976544924082767,1.3592179328484906,-7.158661751520132,-5.072079086737297,-3.0238456541780936,-9.307192158181465,0.9869120980350775,-3.9991212255808746,-2.8611241105107803
7,1824.6003392469572,-2.9501503449392588,-0.6098309376813221,-24.943203231903933,0.8641961750828439,5.122362905762092,-7.830709794771207,1.7902949370181418,3.0446643052550146,0.9929787536958594
8,1823.7327721814281,-2.9623060324429344,15.192942343639483,4.958135135151805,4.57057700396812,7.78427130599645,-6.010301803742977,4.26863143260653,8.424979028879642,-8.037613544204616
9,1822.6257623654046,-3.2934974425247474,2.5169119608413957,-23.47930837220724,-5.11995139214135,10.855383877723675,-6.272807955104191,-4.8670122276324985,-2.2904760318738315,2.5764811872869147
10,1821.70857528142,7.678778284776386,7.136233518968764,70.1967242491094,4.008272339994304,-15.394874272969712,47.60290083397422,5.057211169575957,38.091104932470515,-21.373139069784383
11,1820.4810044487726,-4.073513308237145,-7.605411717913566,23.978145445396702,15.548083522813748,4.86406168007246,4.040957089484231,-5.9094496332472,3.746846971693454,4.2167712301345786
12,1819.5774294857888,-3.536637781305492,-4.479197374681921,-5.2370261448941,-6.900310274227536,-4.34313067998803,-5.0519339358052475,-1.5578498656792357,-2.0217642732341097,0.8538482814653511
13,1818.7846866494287,-2.8911642085907974,18.470818042209768,-2.7261482411664852,-1.3244633114141997,-0.7603493544563104,-5.693027104026068,-1.3666155789870276,-3.335334701639524,0.7506473351712538
14,1817.508856556017,-3.7845029466645608,-11.12822775243977,-5.977234901763539,-11.147622743406124,3.294005003806265,-3.191618462739617,-0.772032208574455,-3.1804547276624398,-1.1675352039815061
15,1816.587302202593,-3.9576674125119897,-3.082109146692946,11.14063356408521,-5.575012145233972,-8.531453927418728,2.770763740217193,-2.3737618372261795,-4.929751041974329,0.5524018121124673
16,1815.6557487984692,-3.505985402965441,5.432224688858265,-3.6938430602530943,0.6093814657675416,3.984392069863539,1.93637190549936,-1.334661820892379,-0.6494407600939504,3.03788142082553
17,1814.6871091924074,-3.3152221331001352,8.815644931064556,4.358099884679763,-5.1369088097997055,6.042807626386126,-1.4650506144141675,4.675696263995288,-2.746458558827299,-4.345234194981569
18,1813.6759334642177,-3.795698075582139,8.427757391701256,-5.304325469737475,6.544423503356348,6.067648777549717,1.8057302877670165,3.1731867591119824,2.699466746325157,-1.6096732909785516
19,1812.4520821668318,-3.715363646009429,-12.825819899812103,6.955319125799898,7.412904018022501,7.865457618030386,8.67078094630106,-5.1906087475667375,1.4995502850202653,9.06357460392547
20,1811.704963092304,-1.1671254999719558,10.690167489017949,4.71117283423163,-1.743176233601821,0.4327977723079591,-1.5324150474190306,0.9288614665435823,-2.8958468807434996,-1.9594609715211952
21,1810.6885243766922,-3.716790640078967,8.968455484566453,-3.6330776827249185,2.6032597216821225,4.651143352372498,2.7232125539313086,-2.993203075781931,2.660707061638714,1.3684079841943846
22,1809.6314875598491,-3.869982039387552,2.923503515890195,5.724559811677546,-7.0376420606779035,5.54633982084562,-1.9142598240353366,-5.981483193815161,-1.0031328420861592,1.9566417141214045
23,1808.6901594189205,-3.7542991658165157,9.431671675146669,-5.711406785459895,4.246587410727531,4.856207339293888,-4.188057708802872,5.293675794159889,4.544124649355661,-2.288269257284116
24,1807.6518841818727,-3.109785529918062,4.4788731607697665,-3.3276336168385763,-1.627317373407245,1.2522033569789541,0.3043904561291558,-2.431893830064976,-0.23002341627197112,3.277749277459601
25,1806.739561436099,-1.2442130536273688,14.641099696314186,10.070602922758079,-5.528575344265177,6.3131988874052745,2.4246886683853024,-3.4507270771295806,-2.934370075550081,-0.16729988829203624
26,1805.6123880047228,-3.2464801446671245,-0.04230747850446114,-5.812438214721463,-4.116991840109252,0.9019912350246274,-0.7875559017851399,-2.258054811156237,-0.8054098557066994,4.33300017043497
27,1804.3257667995244,-3.861367351299626,-28.967911645019853,15.519997585395048,2.6763033603327053,-10.316750484871005,3.215673347980809,-4.177497624836772,5.171551155877126,4.799797814564035
28,1803.6442445327775,-1.2651059360946595,2.6312028377128724,-5.622890315483021,-3.8707525794469455,-4.866913129041653,-1.8247746267014733,-4.686080437639485,1.1917420363706088,3.961758059227588
29,1802.5893867585535,4.402183113879583,-0.9289100937627881,-3.722335996287262,-0.5212380401392032,1.932183719879035,0.5213301332998371,-1.0245266796417585,0.5983763677800671,2.627823044192022
30,1801.742867561602,-1.586235983761337,14.566692705893175,9.361939975123802,-7.21838033041197,1.4800495086090355,2.5627739614960734,2.5004729322752928,-11.23531655628547,-1.516770545325288
31,1800.613827959373,-1.8019242579839885,1.504520037516499,-2.2603397873496687,-1.5461570045457433,3.7229677806583776,1.8514132823963358,-3.6232591381366572,-1.614702422817276,4.975541559255056
32,1799.553933388616,-3.540151059578585,-7.73034503670127,-4.6339329058081855,-8.6624663548395,-6.066311584710019,-2.755768362145968,-2.3797367767926816,0.8258856161030993,2.1180809387768913
33,1798.733943238129,-3.9007134229236953,13.332617915736865,-3.5636937936578637,-1.8311733333351408,3.0310742469323477,-0.4343649593860914,-3.3643277607038633,-0.6804202661719401,-0.326488558575378
34,1797.6142798291703,-3.191472606089413,-0.5707218504279732,-6.220544218903647,-5.6908116233543975,-6.75487621753649,-7.3259742061243225,-0.17094396727174396,-3.1268722592351907,2.84261227503623
35,1796.7017058057534,-3.5225563313445423,8.924286584842914,-4.982244546587061,-8.457263037482063,-5.285514107748236,-18.120991284931712,-4.84631165263063,1.4585098757324515,2.753763519417317
36,1795.85099062768,-0.9030619174503718,27.701058260898918,7.264107696397619,3.793751754086321,2.181661759393514,-6.821990727033804,10.970500412391273,-6.0856199205503145,8.952293447466902
37,1794.7515427341636,-2.6392845969318417,15.918776496310624,-7.091477913667255,2.185347292454452,-0.2612818235467733,-6.500662544912242,5.175224945756122,-5.195105676511963,2.415594691153666
38,1793.4491325946062,-3.6209723117478436,-15.934267513240608,-21.195786994850128,1.8851756970463864,8.59214946244851,-1.2602793762211586,-1.5339054137356367,8.576825843278616,1.374694679230314
39,1792.6149480666563,-3.4525169691842033,2.207529781120932,-5.1144449130912,1.3443809428271547,8.197357297687809,2.082138491947369,-4.567106466492763,2.954787680794548,4.214261554209659
40,1791.6026818837925,-2.4217522400899862,-0.35143334012284666,-3.7983634784272042,-2.3656021680532,3.171122920167215,1.8170995372176526,-1.7226312097631233,-0.42344943973663784,2.708653715010327
41,1790.5485600218008,-3.925981930606369,4.023986761781044,40.10519798576153,28.49564226877999,10.207430896407235,4.464857926421048,-8.940347871299506,4.43187444047541,-3.443395203787923
42,1789.3117525414555,-4.411757690316874,-22.774447174682294,38.593838862372145,32.98951679776911,-9.14469251963572,-1.5528353187394308,4.240038858755466,12.736390350713256,-12.85798333361456
43,1788.6984481820466,-3.3682794060882966,9.790802679649536,-4.712362602301205,1.7109533722607884,1.5231509881737182,-1.127643343292477,-2.1759717690815563,0.7112615632717255,1.6608406356009113
44,1787.5901968987546,-3.5854725703128616,-2.0485249888708466,-2.9074267801220106,-2.3848988514790572,-0.06096299273526722,-0.18546913331410522,-3.5515763294758838,0.943979243388499,4.310789228520354
45,1786.4967916841083,-2.9860479017022317,-10.61831195060029,-25.76969445656163,-1.3092150024933134,6.910294114210324,-9.357030121071926,5.4627677550750695,-1.4990699241074867,-2.8962827239521896
46,1785.925987613386,-1.3644132264904612,35.19098986725777,-3.4362189621407335,6.10059683358018,7.948290849383023,-1.8742538204931907,0.74428468955712,0.6682540399925233,1.0896279236440074
47,1784.6959680039845,-4.148237238320874,14.890654119204523,2.633766883735044,21.495909479364336,10.341622192227502,8.530195539328494,-4.873862976603339,1.893775068733025,-0.3570233118138225
48,1783.6753122764692,-3.5930924459528755,8.332825815713663,2.0501399241892235,3.932984497391294,3.6358583657617305,1.4427774712195576,-3.141405728128416,1.8196648474058619,2.8955073286368647
49,1782.5821733462542,-2.758504228272211,-3.9573039105954413,-6.679523466102696,-8.259782762939322,-7.835788619243047,-7.367116224111682,1.6740110507671455,-6.148977955355836,-1.8207336113383559
50,1781.5374260034653,-3.3307656493545212,-6.222543147528645,-24.924781119885314,3.157457775210588,7.512235478151208,-6.442656945605829,4.266027214520687,2.924058970832551,-1.3391850701443186
51,1780.6748578043935,-1.4513741409954317,5.951532438102665,-5.90513037328214,-2.1068535906023125,-5.663147011153006,-0.9752008119818389,-4.038771955398037,0.8403576747601512,2.1340598276053693
52,1779.7806073326417,-3.5811276186044365,17.489774590136303,-1.078614921544311,-4.054509385141194,-1.62349660880661,-0.6887734994018607,-1.1613712948980235,-4.0693963098244055,0.37800844328370337
53,1778.8905453748023,-3.11505152785815,31.497576080776668,15.99312375871418,-0.027123931192846982,0.8696356925631055,-5.547291414406693,-2.6588778513349194,-5.127215791793595,-0.15038144889278005
54,1777.2667694550062,-3.264969196492797,-33.37500057095085,0.7799023469705111,-8.395389259173234,9.18297130291183,-8.277555377374961,14.796840196419915,-1.0154371594415599,-14.77586006073274
55,1776.6915441411873,-3.149640836313265,10.995926049910475,-10.780729394361519,1.0167143257565217,11.802463375283939,-3.322963920098083,-0.40635525989737176,0.34375065875169936,3.05879495949991
56,1775.5622473414826,-3.340981852398616,-5.6126894506853136,-6.612401822428169,-7.282962529263709,-0.2560815504439919,-2.1740100275789143,-2.4069512629685157,-1.2622266342203263,1.8477864060298355
57,1774.536398467687,23.014385377666663,-2.944748771231463,10.720735166612709,3.534485307656763,2.939263271738026,6.510749804518636,-6.840971677980752,2.614167497297902,7.999365628375116
58,1773.6849211452059,-3.1221951503677183,7.722992626479583,-1.5798389370458348,-5.767570733002532,-2.5467816353295407,-5.00796928573571,1.9003273957678624,-4.996308663623654,-2.869180529864251
59,1772.2846297064712,-3.805242484511298,-29.97737093133474,35.6053748812344,9.312707272886554,-8.860027782867261,-5.282006828190477,1.6607524259751474,12.919392590263056,-7.634391220401428
60,1771.5778731337377,-3.299563512671699,-4.4016484708349175,-7.973930700870927,-6.430434762070546,-6.54289759342023,-4.048392650660555,-2.0171517292982117,-2.0710146853844433,-0.6111420209393803
61,1770.5353317444237,-4.538619790316392,-4.544211857567455,8.813447523751531,-2.4325579648119695,12.733108521842066,8.399927329836324,-0.1951439829092946,-7.2970387054490455,-2.5936031876689283
62,1769.6379162263484,-2.0538974491251394,3.4228537780703214,-2.947383198231833,-2.306593625205474,0.13451302780442287,-1.5684177406297557,-1.403929396463755,-1.0816691394053277,1.5589505146475535
63,1768.64482020219,-3.2001490722467043,2.5935561022289253,-6.519476162348985,-4.593237996601937,-7.0747129501748125,-2.8274936948631333,-0.7088620390007494,-3.850911778654875,-0.053357232432111414
64,1767.858584395669,-1.0336645294000208,27.203806297474838,-5.6948932789268225,4.267538178137363,2.0633351008243337,2.444895227185294,1.0208934360888808,-5.2057515688695055,5.561347208087322
65,1766.6908267877793,-3.791503136641693,9.364605741702961,0.2698242131980037,-2.921987045471124,4.179982650114524,-0.8317390511342881,-0.6912324368686168,-3.501729605230039,-0.5952924864084903
66,1765.5757826760864,-3.8404340091087037,-4.872699977572616,-7.092659596338856,-10.323190509689168,-0.8447849683310873,1.0249663086673324,0.3739820191285586,-4.200314246336436,-1.5382788514127084
67,1764.5703165160432,-3.217401615890509,-3.889250236128671,-11.54864981496643,-2.9836900563132853,-0.048827250808111726,-13.929567656543115,5.09621327611049,4.140978120160017,-1.797467973542411
68,1763.2950488815072,-4.151833201620525,-32.56939118783977,10.600130271504462,-4.294752378254653,-7.728964474784311,3.2586451690543923,5.029109120400759,-1.8980984150697697,-5.716686542186938
69,1762.5590332547283,-3.91315707113268,0.7619637187968986,-5.642113297713281,18.66477872019043,16.489606057325485,-3.1448541403091212,3.039198954770946,9.602410235105017,-4.410810361157911
70,1761.3770972053474,-1.0490355095803432,-23.561617918119467,11.65230094314689,-3.5857329525827795,-4.886665394027854,2.041335767669928,-2.287292196657457,1.4337132060304119,2.2008085253253484
71,1760.711983788734,-1.7711475887583867,12.271467923320404,7.717100864422783,-1.333004981457205,6.146464983773435,5.377310627444862,-0.737660473770876,-1.7504432449123895,-3.7858889832938036
72,1759.3961554997547,-4.195231456340227,-23.344026131592297,7.102091586875736,-6.307151081196692,-15.27930964998895,0.21166293273395395,-1.2260942061288713,-4.064387612727965,0.8111970830091485
73,1758.5753892514426,5.85339492041745,-1.3421172984190421,-5.529914526246436,2.869596955830775,2.6139133219540804,4.025079335356496,-8.270209936761685,1.6681462457042744,5.306623969403713
74,1757.633884946383,-2.849659665372409,4.480589113197826,15.302508756373749,-4.924675939929405,5.062435936093587,0.14870238339565922,5.679980902659969,-5.484586581794552,-2.3162688408532572
75,1756.6979556750914,-2.2296981282705293,9.195983339755655,2.7839419675205144,-2.9998267020325153,-0.756168709988199,-0.4286469604989245,-0.6106240499565411,0.9250176563949507,1.4685037842265545
76,1755.5048784621426,-4.088888302560255,-7.095142974889364,33.52227700765783,2.9841582628137577,3.9984552671596365,-2.12122962500368,-3.6798856515901592,7.17592349408601,5.818151404233338
77,1754.5779322149913,-3.829084160158113,-0.8253183423775188,2.3612350064527137,10.999212534088754,0.7975034941715005,10.143746700379522,-2.1173273420397307,0.7473124530933397,0.6888767310277537
78,1753.7275166872114,-3.7104592323086267,12.856413757017881,-0.5551405264863004,-4.086117708392432,1.2368714719665737,-7.91349881285032,3.0284367105544416,-2.8126828188257105,-2.801480843791083
79,1752.6825816895032,-3.7859243058896177,8.89272359058917,-4.0469137250644165,1.1572290974208395,4.602731283855011,-8.042412946672378,1.8673513735100025,4.1382306963518305,-0.5682915410272305
80,1751.6359524410118,-2.984455060681367,2.7585241695122282,-6.65739759882953,-4.495115874238185,-2.103123480825648,-4.394143637017323,-3.601392564184024,-2.9865338364625877,3.70124849398263
81,1750.7089763483086,-3.4080532106015853,11.237133318076468,-2.8999363117095647,-0.5641254765697286,2.7100243658494496,-0.8205191923263214,-3.3161487496301483,-2.3686512214898103,2.492203113767749
82,1749.7158005470128,-3.591741093218022,10.439971815558716,-0.005853410734697969,-4.260872508525812,-5.585993765412792,-1.8045809739636627,-1.950359806774431,-2.2272771227857353,-0.4972825608802971
83,1748.526867638153,-3.498313941963273,-8.728523177279913,-24.050489834983523,-2.8783144100134,2.608956757589714,-7.058321858374268,5.547073410908809,0.9829382534104806,-3.4109489287095
84,1747.7790042485697,-3.4370219403134876,21.39934814827466,38.30058871591248,10.867153203119193,-4.501651535324224,4.626670548542011,-9.31400817985713,0.45617525243305745,2.2000685513986795
85,1746.5457106898598,-3.6436071427972503,-6.632854055966566,5.992011620307482,-2.9380287456839533,-4.683423197739062,6.040921500597543,3.4131218400351098,-2.5296908282296897,-5.374329696015124
86,1745.6620292914865,-3.6640499992499653,6.886118310234986,-2.211256204741319,3.550050252919384,3.1809204505434234,0.41256415492756415,-0.5728917377472698,2.1923846836115977,2.8521522006478053
87,1744.18500281667,-3.633001995457228,-39.98566303387469,6.23324779950528,26.55696190474053,-20.552819050552067,1.0981640742240897,8.319441362102484,8.534378155011433,-11.973717241762088
88,1743.5923065158827,-4.074561382003278,-1.9833423248088335,-2.510434466333025,-2.1916046214213663,-1.3816819102803513,2.2591051941170153,-6.803315138165332,2.411973505524973,7.269352173280595
89,1742.6656801140089,-3.735674647700942,12.377680863067358,0.11251216859585166,31.536921842244453,5.851769838522763,3.082305372526874,3.121530777345101,12.157872687658932,-4.167526479136069
90,1741.60600162346,-3.1052716772696525,2.002546159103434,-26.052214695564818,3.257042614049807,13.346817090004945,-6.070133136136309,6.653694713358175,0.2512216991086541,-4.989882591418416
91,1740.672748238362,-3.9231945021906913,7.211087996144112,7.701790577218884,-1.166026803855055,2.0589916973123192,7.693509524454768,-1.2320066968733223,0.37872853611935847,-3.521778378285304
92,1739.6367928995828,-3.8404598613252574,1.4234930001118136,-4.199661818095371,-7.495545883831447,-4.686195868104263,-0.36775769396915975,-3.026097214020843,-1.076216828692911,0.5681701212445656
93,1738.7815273351978,-2.6473864215345553,18.81788073946897,-3.4260286605180257,-0.3277698805737994,1.7364022657848606,-2.732278414201349,-0.3456724124511789,-1.8846283060324704,-1.2833714520488029
94,1737.6915996755447,-3.445853068234438,9.68146521529459,-0.910019884383917,-3.323109237353617,5.079828889035648,0.5601912502919689,2.1941806895305422,-3.085124911425098,-2.3718155870943693
95,1736.4872228369964,-3.7052948209410013,-9.481163655362629,36.785627678837244,18.279916607111307,-13.598199357244068,3.132751137757411,1.8529269082433641,13.639704649538785,-4.345324634246088
96,1735.8258713018074,-3.1334493079189216,23.835264359285787,1.2325684559038637,-0.20448042218522972,4.795517592562564,-0.8065741451316606,-2.6929214099565635,-2.0619137730305668,0.9982268806018623
97,1734.64024715018,-3.203182875154094,4.7188682276537595,-5.48708649530268,1.9908282159146766,5.195668208759584,-5.1686743992961075,2.1857998585518787,4.533900326157472,-1.7795428950792458
98,1733.5919831743101,-2.9763426811232123,-1.2443014151863416,-2.4130080221507,-1.2210909413928825,1.418005190127629,3.476646276671369,-1.4125116211383186,1.4035317665302443,-1.6117497501979294
99,1732.7172093824215,-2.9055944246202325,11.307434734063927,-3.0824178413558427,-3.5233381860057498,-0.37317565491886057,-2.4530819564046396,-3.312357790901833,-2.0318131118633764,1.3040171115058727
100,1731.3461737290627,-3.836752953572531,-25.87491094602358,13.403702741064825,7.493790522258979,-6.229447782440919,7.071191602351867,1.361801835366598,7.642600120814782,3.7147017704589302
101,1729.8663107611321,-3.6626225764322258,-77.69927693250511,-9.881524203048887,-15.662001461011622,-0.07605397005915715,-0.8935887885068002,-0.6458860687852553,3.8375383713085234,3.535416180972621
102,1729.5743053417748,-3.3521882605861837,-2.1253569330902984,-24.299089454637908,3.041331014923292,8.00404824572093,-5.413168798843609,1.4988477784947767,2.5937768041041402,1.2553074003666578
103,1728.557251335663,3.3734592178337857,-4.032466000162651,-24.188456809376838,1.4223417366228737,5.92135952876707,-5.253217714100133,3.05416932695729,4.162794451195175,-1.415767479301594
104,1727.598672442728,-3.161089688342336,-1.6580744829941185,-18.056337796127504,-2.691966839965692,-2.8042361179203215,-3.7681294323552135,4.012484120970302,0.05756016615303468,-3.020955406069668
105,1726.6305969794353,-3.9531843075992583,4.880335862833713,-2.772039663790476,13.028162753380098,4.988779435098025,9.527655120198778,-3.143348141671335,8.154466881212597,2.0912780024759012
106,1725.7235809014662,-3.61615338081329,14.242263493797628,-5.252791226726952,3.7048417613739155,3.573441014066464,-1.4465560147418364,-2.877356269011488,-5.157333117773111,8.572086295938522
107,1724.756135772383,-3.4105658656554403,16.3175677858597,6.37127096205807,-3.278877283632017,4.3436770522424775,6.235382754206594,1.5403261482792794,-6.241316498260453,-4.070879689612762
108,1723.5880457155288,-3.7522763069493874,-3.652008125363707,-5.544731964529958,-8.000856178212189,-4.787774936972693,-2.6057342057196133,-3.857643795682696,0.41261179953349647,4.614890349224269
109,1722.4284615013432,-4.1347759282253485,-18.453542538927266,11.433534847745326,-2.788994531721862,-8.908440811417998,-0.20486808887397653,-1.0971686892375305,-1.452330583213261,1.4711071788091579
110,1721.72349400198,-4.056110523790861,12.086476207751359,-6.5653583034863106,-2.362777105252074,0.4182415717660997,-2.859638638599703,0.6081694588321217,-1.4378767583826624,-1.4734551856071831
111,1720.3532957170798,-4.019639771827295,-26.9386818342154,12.354960479857647,-4.465930415476932,-11.70756343528798,3.8337987874132713,2.6338008830441764,-1.0171211978950985,-2.3708888561728823
112,1719.5924604156257,-3.74641684295343,-1.0687446567699488,-4.45691496765763,-4.248818461514484,2.919157947389119,-10.989511200452618,-1.2116173405350308,4.860077144870242,6.3977856737349335
113,1718.6788899281205,-4.049193825570065,6.9596214908485425,-4.895130531783143,-1.5088450236958624,-0.33884899093545046,-0.31621341897630856,-0.5456772148078589,2.4742479912039723,0.4779495807483648
114,1717.7189494221802,-3.673515755353023,17.32177184275063,11.080498565585115,19.660946251860267,8.189458906788426,12.04652390595656,-4.027350547934659,-0.7399644826092482,-1.3832991387515585
115,1716.4482405328872,-3.8234993116673173,-13.87751615645202,24.69618423063828,12.149292101770802,-10.769727211700072,-4.085390863705131,4.343531877228242,9.582911277443676,-4.48459174572599
116,1715.764614642433,-2.2753482779178276,16.700656645240116,-4.125015013264835,2.949790774217972,-5.576360435245387,-0.20207879129490872,2.277267541662189,-3.9221831202307222,10.1213790977702
117,1714.6564589778027,-3.995445554649996,5.079883735827841,11.215366884281607,-8.826333768657355,1.1051103462316176,-0.6510248183896059,0.8792057322266861,-2.018638514362071,-1.3674150536697858
118,1713.63717138212,-3.2688941157564226,1.8935859697065875,-6.789595607053608,-4.934826746059254,-7.0191136768635936,-4.838804520252279,-3.6637429191111357,0.7648774485784345,2.132741102485511
119,1712.7363440387044,-3.2002103197900063,13.574247818010546,-2.596539340727401,-4.700318152908118,-1.5032078367344657,-5.8188919954931375,1.159325747115871,-6.558989461297766,0.193711194794923
120,1711.478198281564,-3.7580102378270572,-10.565082165139529,36.928620742215514,-2.706547601113961,0.558034864710363,5.539509046874093,1.6714740745953625,0.27143831831731424,-4.177169635078619
121,1710.7245004317074,1.548091570650451,13.24760835234823,1.5976261594837922,-0.8790603632686733,2.3464193928021575,1.0683545926962261,-0.39084186543845323,0.2864703266900738,0.41826299130632083
122,1709.619819611885,-3.980031580176462,1.155920059173181,-3.303053479926561,-4.541306664915952,1.9536246149916463,7.518078994592681,3.0423379022013664,-4.723625671106713,-3.5628763054617525
123,1708.5845984497848,-3.4399596289975687,-0.7958977809122146,-22.93567246572678,8.331483459956226,6.692134948189138,-3.5931162648253068,4.267567754718053,6.171153615159249,-1.0559489144262022
124,1707.5924126889652,-0.8661405691058031,-2.51744923519459,-3.4701674355632717,-3.557186660405743,-3.777001431629325,2.265144875110845,-4.5966330514122395,4.531007812833798,2.548652929951732
125,1706.4779801917045,-0.3613037040012803,-11.067906795338393,14.530834545391262,5.814466740831455,-2.4288876508632025,9.57620454215972,-2.782812562481228,1.642354693144165,1.229559245112852
126,1705.6236845316157,-4.296828343319158,1.9124003108571799,-4.621935312924947,-4.005284713521981,1.147643694267597,-1.264349808197585,0.3733395114788182,-2.2752700146860745,-1.777786515458703
127,1704.8409390810727,-4.344871916176842,25.70097654947476,-4.918143144035069,4.412241641229015,5.8542173192034,-0.3423359456259583,-2.585600915420341,0.31400525250210504,0.9349087709928924
128,1703.6183729393856,-3.1927830302826625,1.7680378949622793,-4.682498534587818,-3.1572625861581347,2.1004212123548474,-2.135997086024233,-1.7192239557842066,-2.8859882843013307,1.7710828588386978
129,1702.5209542400755,-3.0550231613000105,-7.802927860036958,-22.1316787096868,3.8082662514769847,6.076824535148456,-3.3052938580768556,3.5606894946991168,4.500105891969702,-1.2384268986647886
130,1701.597665832196,-3.875916227453956,3.4879856748801203,-3.488159179288346,17.194202623176,8.779282688817709,5.640655431210477,-2.7075003909475113,6.4098302815128845,4.444409969356817
131,1700.745499546307,-4.135732885038191,18.4916009470852,-3.9088793959039383,16.41123703631256,8.89138372836078,6.498109931322314,-2.9717356147366307,2.685478331834233,1.2026157067617025
132,1699.62041400974,-1.9017981668400616,0.7361952845596447,-6.153867075465713,-5.604300808492995,-8.818914823615087,-6.933425619719088,-0.7189698277343698,-4.9870300934733,-0.8281231657641456
133,1698.694243470939,-3.4787785125999386,7.8412826779273495,-0.8936573652606564,-5.4711687510740274,-8.159729210157275,-3.4169890430015775,-0.7528664262455087,-1.333179208179806,-1.274775988739331
134,1697.589070668725,-2.5833867437707587,0.5784330703215205,47.99128740013415,9.852292710907456,-16.095336363070974,1.8589059127837493,4.112004846339847,8.676366122141008,-10.707827845148088
135,1696.72234511529,-3.1372166523413405,12.472101191975932,5.176785144716561,-5.018773973976563,-3.141938792171857,-8.022139523499087,-0.521907805568689,-3.672595145666163,0.08698678140294655
136,1695.609026476309,-3.5168319525354854,2.8686011929566235,-3.6164205543086627,6.198467351802624,8.55997168827653,2.3228710817737803,-3.473729921142724,3.307972560807781,2.345731054444037
137,1694.7072345499812,-3.6481890769685736,10.75795582510515,-1.3395092554296475,-3.53423251461962,1.6758618204242952,-6.578252460880611,2.203953522824246,1.4050438431726437,-2.694329387907637
138,1693.3499484026795,-3.232716195446885,-22.421270082034887,0.3380525189197501,-2.510364682795954,14.398394348261704,-0.9675774240563878,11.536380719466152,-6.0607192252589615,-16.45905832349656
139,1692.7299527448097,-1.9076489868560738,15.581837647585854,38.70616903707717,-5.828390661714774,3.548595948805709,-2.6196725914178454,-3.8054996517545447,0.8390562026192695,-5.628032183035089
140,1691.7060822134295,-2.100851470652759,12.268404193773904,11.458609511187761,-4.964879099291458,7.628115365015393,-1.714090727162779,-1.6436216473612746,-1.9479955498944062,-0.7811801233547355
141,1690.6162173798461,-3.7889690316891516,2.451602127801218,-1.613718847394857,-2.3825424324921656,6.741788049909827,-2.9174621940288215,-0.4402925466577552,0.04751280036969079,0.28328817529987693
142,1689.6352234968463,-2.246700011361378,2.208012587043436,-4.285808203075383,-3.506760893242084,-3.941617906856916,2.932995077354639,-4.145167096158137,-0.5619954743097663,3.025344175439023
143,1688.645848099494,-3.919531262936829,4.92939531510347,12.173997195483093,-11.422627322242166,4.0497861299402755,-3.679134799246273,1.512759818744645,-6.410168435432795,-4.025553708204189
144,1687.681228247508,-0.8063798283415208,8.425712005267597,-3.755943398321952,1.8970918618519905,0.31121685967211365,4.06590377714228,-5.234573235781847,2.0140804365739298,1.1544293051493173
145,1686.6112914756711,-3.703958811187042,2.3985231273143985,8.003454122350599,-7.014212853970081,8.949462183614544,-10.390980046597026,4.311320122557626,3.1202163171219626,-7.179160741699535
146,1685.6417540849927,-2.819784037198218,2.77670520977557,-5.723156299178626,-5.7240581521029235,-2.5194032706950806,-1.8739500190037883,-5.901892701634805,2.3282071957612662,4.609256191595061
147,1684.6063559246945,-3.8829216415717993,-0.4817373288339636,-2.5083139249288537,-6.049274772097451,-0.7350738611750316,-6.878089675578831,-3.6452462720226624,5.208413015272486,4.333421136208342
148,1683.6886666837725,-4.211216508852403,9.115754724448927,-3.4620292360894487,0.46508941736836124,0.4932771501026607,-0.6469775083703515,-4.337254701450637,1.4556049464806529,2.0903864193862094
149,1682.7086332032102,-3.2980267605540576,9.863813826462305,-7.6103557744048,-6.4131855228532695,-3.677758678004393,-5.344280038284035,-2.014771873097739,-2.7545427530320037,-0.8122176182066578
150,1681.7417578696825,-2.61860302407186,15.949588108876325,-6.511158962666481,5.136733307322638,3.2190546026166307,-0.5302505415811465,-3.427005100427585,0.12662836812028602,3.2136891074390213
151,1680.6740687864824,-3.079139412553706,8.643210115780297,-3.1788661705603922,-4.093806864788153,8.422882879333027,-13.476646044070549,3.1998630570734403,4.302068821578291,-4.002606342206908
152,1679.4315108999456,-3.8931268527558474,-12.076251145332547,31.213336835161165,24.396942556853915,-5.2761896570424724,2.422317867961738,-3.0824864740128266,10.936315620878553,0.543134570435627
153,1678.2896535659352,-3.673384872700548,-31.39964245468215,15.145626985978058,-2.857080466745449,-2.380401809244554,5.152096872471271,3.5705592131132575,0.5396184720112885,-2.423031363648997
154,1677.7590953167241,-3.7911643185406207,19.380772969026587,-4.592014752827446,14.416040142959503,8.610408700434672,4.129916219103501,0.703072124087464,3.8106363217657937,-3.086014406887228
155,1676.6153412648418,-3.3386297673741474,2.4248843086685112,-23.433210409817672,2.6469481199248586,6.629619655552935,-7.403120207724591,1.5725684849673598,0.5418059960517466,0.7711959409082075
156,1675.661477029465,-1.1937214586238478,8.557541369581447,-4.582757716798832,6.408354299208521,5.330442831109529,2.642805788158238,-3.96006902971524,-0.7847006614091957,3.9146387513463563
157,1674.6092282021445,-3.44252885533669,0.7872938256904173,-3.081821795974161,-2.155523804325139,1.3685193157508966,-0.19597292050375506,-1.7492463630456172,0.0469607184270829,2.9324704331902396
158,1673.7071397294078,1.0851099366174672,14.107111206261727,-2.074632163766478,12.957034216185443,6.112622781116266,6.137444750318493,-4.020641472253906,4.933367254916012,1.405078366727508
159,1672.6699611183633,-3.800547847072518,7.129252889521772,-6.107265994700088,-3.649735794892065,2.8773356609860534,-3.0152518526755485,-2.7919831093258276,-1.0452334072442,2.453644114986266
160,1671.6931522417253,-4.0246205032615086,10.011789672748701,37.6857978985794,-7.60446362505041,0.7821419720042313,9.605969368715915,2.4953849215578905,-2.1797481688164186,-8.36822697972564
161,1670.603483363691,-3.385266905131049,0.7079362265607326,-25.282868918375623,0.9709749325848664,7.318902956549373,-7.151252801705428,2.767562787839454,2.0389940329728136,-0.8230383609611501
162,1669.6493285191395,-1.9547541667536432,3.9769959890243065,6.298843958115749,-7.781246181570493,-9.674595305050696,-3.564534937416374,-0.7025828814311508,-6.6933544357902965,-1.28282327459435
163,1668.7867687164778,-3.819445499992519,22.991258778267316,-4.27614950084908,5.48277120697744,14.09685492554592,-0.6541350450586878,0.17876994602353607,-4.4098655523418335,0.05193284107069421
164,1667.6436182756809,-3.3335708321420614,3.3712693393741002,-6.602617148408062,-6.592603433423526,-1.3251325425478375,-2.95892792726891,-1.9793801163968485,-2.7340855936799,1.5707684348829167
165,1666.6102378309447,-3.142883403865582,-0.16571810752746882,-6.319710546522198,-8.51454898243591,-4.686659005907588,-6.896208117450184,-0.9480980809236439,-5.6076578011014035,1.1013732600701163
166,1665.5339489554585,-3.2105842739024646,-7.115131876485598,-25.60587753046092,-2.7568015137757045,3.763861999027978,-9.531810490797005,3.6261428658289727,0.8771015685870021,-1.7723313037903452
167,1664.6428940728722,-3.609920545966718,4.0837915026661324,-3.767909367249544,-4.734207840833424,-0.0875221045553452,-1.3995439316833231,-2.1188509287728103,-4.806110642573796,1.7512020731162719
168,1663.5521704256557,-4.117254088886333,-5.546748321849141,-5.487852340734581,-7.54466777326258,-4.083081040747208,-6.463742230302209,5.092628565217386,-7.115605313543718,-3.8262479516801338
169,1662.6517516000147,-4.06931375417991,7.545072443495837,1.9607360126586426,12.995195419347047,1.8905223044513695,8.904514858909959,2.18750868258263,0.3891189433614158,-0.8136676616323745
170,1661.673257261683,4.5566482438836955,10.604569584978712,3.0867406257916086,5.59205951207804,8.315925660397893,2.465410323367211,-2.8750760648063647,1.4709264191019598,1.4256972970467727
171,1660.6974291068575,-3.698847245067843,10.49862805639145,-3.3645575304743978,3.5676719884228403,2.8338155098325855,2.6775357433948526,-1.562660928880083,2.1613471071936536,1.4534011889902618
172,1659.751251429163,-3.308243401852034,17.558963595766656,10.668124363355759,-3.5883661679140273,10.778129785605836,2.7080211052516443,-0.002425583379014233,-3.22927967022123,-3.197885275629258
173,1658.6421138953779,-4.008130179323834,3.2210240990266046,-3.705484257700433,-3.7557020486681805,-4.8657762906789195,-1.7147890447188687,-1.953039266525072,-1.410669068635979,3.2444809933133465
174,1657.1439065618083,-4.108279042270589,-44.28172254970175,9.70017087759577,12.258436962824149,-7.305386731407937,-0.022425986441515763,4.624763746698977,7.95992030925507,-6.953663025340809
175,1656.3124338643136,-4.2872568601457495,-26.56101737922061,13.78531707257801,8.500686705841568,3.174090044168188,6.524956107879387,-6.575878506957488,6.460476266770881,8.893710470082114
176,1655.4695140693077,-4.735400834721335,-13.070658577400035,11.087317205504613,-1.2727932186528932,-2.440957431945766,15.260991468778425,0.8525802837303336,-7.911040356344494,-1.0395170334715704
177,1654.5024102904893,1.1029584871543712,-11.544998732468278,2.7552126597308884,-5.024552445423487,-10.627362432681764,5.85882863675499,-7.452945987920601,-0.676818002247874,6.04546149822686
178,1653.6852746681398,-0.38020458879562746,8.885837444268605,-2.56597647709414,-1.966099728054348,1.5608656042915352,4.844323671963958,-4.227405869202832,-0.8047213868733087,0.02335523304765943
179,1652.6944813968214,-3.9090284359322998,12.282971372054265,-3.221208675789832,7.550775611587258,8.022505932315074,3.176180658012963,-2.3560422351189505,0.21390730435955307,5.384950888533083
180,1651.3817122529867,0.40783138137966574,-23.2797166898212,11.905779262327812,-6.457968052597853,-5.773218493990669,10.623445321734573,-2.4170218105463026,-2.1783337876662934,0.28168426835057825
181,1650.573844041845,-1.7206343122213505,-3.3849739956953,-23.52826927139183,-1.4772505172032468,4.2266043341035004,-4.064368692760291,1.3634696666330497,4.763121412965758,0.6705176230629615
182,1649.4681716804773,-3.8841114944595327,-11.672854992989596,12.33759005327232,9.154208796833885,-0.03854507938012183,12.602263237931771,-2.1358464483323245,4.725879479200336,4.514171118918179
183,1648.6809786523631,-3.4555262973064345,7.982610867699697,0.4256498424005337,-2.9502246402148256,-0.4462322122913386,-1.7617018391341106,1.7837505275576648,0.34119308288863603,-4.645166178264117
184,1647.4109096211837,-4.084846753340217,-20.669712016909486,-10.161412534396657,-9.602084012241074,2.1301584044194266,-5.330090381834151,1.8108238251716036,2.8349761838433047,-0.8939336683797222
185,1646.630924055381,-4.145786081981457,2.949974624951438,-0.8710499057851933,-0.15413996293668775,-1.5682426051085014,0.4841890954609353,-0.9051996818906323,1.0174617740538825,2.3098453849134293
186,1645.7899962412434,-3.340712815462404,19.498127728634092,3.6744610802531406,-1.5146172966205362,-5.487570810412763,-2.5923338257787907,-1.4211507909082042,-2.143582166662722,0.4425164383033261
187,1644.6554772836175,-1.0613343266768263,5.677639010583136,-6.03247600325945,-2.5960416251489047,2.4401193478383196,7.03005639447752,-3.431263131781036,-3.1598613314033113,-0.12834786450336177
188,1643.6711114618902,-2.189757116245498,7.506069278650294,11.203956164634423,-5.273305984998196,0.9437876665630951,-0.48821579613555754,0.17485499799222795,-0.35855217305844544,-3.3878900138023407
189,1641.6449412506913,365.6180141884064,-58.07376722681154,-6.081083773442432,16.38839955303842,-14.433598444007476,-1.9665685318234534,-4.105642501870388,-3.4048124809970512,0.10758431355396217
190,1641.637394210039,-0.9074368359415379,5.945319234945055,-6.6532024282265105,9.235217090124744,4.318416507010807,5.915878419634973,-2.2281260583318607,2.924959473781463,1.833920310268444
191,1640.6186117416282,-4.121936806712509,14.09688038196852,35.96774340291221,55.21883339517395,-16.15946264714001,0.002803374740120437,-9.128677219509164,0.8442133197012865,-7.358254454461532
192,1639.6258362371836,-3.9874527734192227,1.8086503950812196,8.088184560337613,-6.700049016429768,-6.689687699029476,-0.5547708115798159,-0.23978665939604746,-3.428790669241863,-2.06719664046229
193,1638.5964698289952,-3.6820793440898405,-1.0475478377850127,-6.321392556780886,-4.8139137913972805,-0.10606423770564481,-2.1444880656365606,-0.13667367714362288,-0.14700625634310138,0.7011312529564424
194,1637.660794893379,-1.2110713315738815,6.7005340206732305,-25.086782249824097,0.3643850147721004,0.5586778415199245,-11.065540738604266,5.0130401042705595,-1.1609376288388802,-4.279325870175815
195,1636.8532177063778,-3.8690027715633413,26.36580369012341,-3.7493098501859445,3.1436737815258766,2.298773792739526,-2.0352421577596016,-2.1945726140711286,2.710574092670577,1.9927657691331686
196,1635.2999827568854,-3.3106650466090035,-29.640281550971903,32.02918276051844,-9.617305485216278,-8.397905463151261,-16.97145096298714,1.226177372746876,1.9659602730602699,-0.7597192877031211
197,1634.5896254469537,-3.5871297361140755,-2.898382799620965,-5.858210710450822,-7.354385688288433,-5.082527909675274,2.888534462452347,0.3718962989704834,-2.9795401541683093,-1.610697273106391
198,1633.5298400806892,-3.5898051792853023,-7.369006562183418,-11.44676301045826,-5.1325540490818735,4.440234009743859,0.12431375573695408,3.0159396522145987,-2.759061460741286,-3.782622769051044
199,1632.622871725412,-4.312384489891562,2.083209882178554,-22.13300101966813,4.511467105777188,3.0281886043467625,-2.712937681158585,1.7499902501194593,8.23482099080742,2.3910602376417414
200,1631.283063346503,-4.2016545569951855,-30.24379799330859,29.864560656033422,1.40998836623966,-2.6073720897218364,-4.040172036259791,-0.967182687833247,8.715904767986075,-0.35750245994249924
201,1630.6083995827646,-3.2375893647485765,3.217343988630959,-1.5092600186557077,-3.0815899428387006,13.11685535615751,-2.038902901245413,3.863101765643721,-3.106605547821388,-3.0431883565258264
202,1629.9359106399813,-2.9010052467135914,35.38650050759224,-3.2374363654826106,0.9592229265289024,1.475639692109205,-1.068606848051289,-0.7806281398053667,-5.50390499127849,1.7128769362668164
203,1628.2073666130718,-4.25986394942245,-39.93297670492242,15.89655104375784,-7.197680827506488,0.23868474585776003,3.4497569913245156,-5.075372621349041,3.2933668581970323,5.30245054664439
204,1627.69835623762,-3.8564052133045355,10.630000229254032,-3.4417722099807073,-2.890585179140844,1.2427144395419694,-2.9017821547179077,0.6581939933073869,-4.309258766088754,2.2463522770391067
205,1626.63250412877,-1.9296182048274841,3.2774048638020337,-3.5767897387618843,-3.0674136929128553,-0.34197983283345956,-2.112462016436297,-2.2066325682332253,-1.1807883119163418,2.17149834587354
206,1625.6491326906582,-4.068592408960732,10.60031960639479,-2.512177411990037,18.285136502663846,15.051915347622561,-1.873047853588414,1.1261714645022982,8.550876510768203,-3.2687321425735782
207,1624.6221805962236,-3.5491209199089346,1.9203994427596667,-4.033222821913488,-5.902616096928078,0.8636639115727034,-1.6636419350219416,-4.60038528715168,-2.1758159673169986,3.498965090410328
208,1623.7298890035527,-3.3406446795884963,14.110324621545683,7.871883267766526,-5.511585411505106,4.01970490286207,-0.7475658901231688,3.8212880437537606,-3.672000140478014,-3.960710909489905
209,1622.197036169784,-3.7600788358142863,-41.12013901060373,15.641999231294887,-6.0190488644190365,-4.334350448194476,-6.400735165817211,6.076644859084592,5.937703797441343,-2.536959322444953
210,1621.687074452839,-3.1501469966251947,8.97150172456824,-6.309308190810464,1.7497601185029121,-0.9250107673498255,-2.719279062093009,6.101803295408531,1.4671296260927869,-2.979242398344726
211,1620.2837533635657,-4.336588115534628,-32.96071251972105,14.444437564736248,0.5903445451699606,-6.09731933080898,5.703249961541179,4.585529650457083,8.95744548974808,-1.3923610343302377
212,1619.8712184468816,-4.030633794624506,29.9961556672115,-2.9861085824193143,10.451405470710164,4.444768243657928,1.9698936941989509,4.711584714036183,0.8882235517328891,0.5184519915760085
213,1618.4877409576177,-1.375654789880362,-11.31535419869022,7.618055148317676,-4.307187630465747,-2.0512626915961847,6.857576743440644,-4.829340169381514,-3.7618640703005406,3.341176571416255
214,1617.6429342808578,-3.0981854910830413,4.368409285772381,-5.1278392317335735,-4.040103187362726,2.247913023194601,7.064273796570857,-0.262391674403536,-4.556863963250949,-1.3595122433368234
215,1616.5617498163624,-4.07046561338634,-4.948636069916057,-6.013373553277146,-6.318315934494988,-0.47487672164200145,-1.0494291744141013,-2.618646743272431,1.1581133462571136,0.8164787291796206
216,1615.3538698124642,-4.397081812942853,-25.958814971006763,13.1912863256815,1.8689129097293966,-12.136292811277634,2.8097184242548647,8.201429409897967,4.012726621897696,-2.708036310980577
217,1614.3973928599103,-2.4823814188776683,-22.228735280460217,6.829145301380277,-11.405961794407437,-12.085398005161197,-1.6793859703734506,-0.7134526325051693,-8.10023396362357,-0.9513531763390913
218,1613.760871230428,-3.6654273759231724,17.347151622842457,1.4046156848472968,-3.251422224146849,1.4775463404278362,-10.311932172788635,3.4748616679021502,-1.6235868017747188,-2.7774692296828243
219,1612.5933575284885,-4.074327617970567,-0.21907523259876735,-4.678175250507771,-0.7857479791057225,3.6534768834553897,3.26291197365881,-6.981691711813077,2.1048204074542416,8.723645245019753
220,1611.8320742487567,-2.8811126057737715,25.537554010832675,-4.261915744748381,4.718519466604191,4.8668104609271925,-0.9250121322209661,3.231146765309683,-0.9831128926815202,-2.2903443208510557
221,1610.764728332195,-3.98835508910519,20.47898140718223,-4.786881083234063,17.23130898278224,6.981501818862878,5.74839045802474,-1.2661975073763339,5.037131671664537,-0.14344773186248533
222,1609.6334755851824,-3.8607416301700526,4.395924784677045,-5.179296885752307,-0.09492322222186121,2.2790983598172936,-6.600389723564268,-0.4683570063081104,1.0648422712710912,2.46887161456333
223,1608.3795857551552,-3.6663864010624416,-20.841676519592152,27.592382801414388,-2.9191503429420833,0.03082011997967698,2.614855487476833,0.3935719486369493,1.5918130998774385,-1.2988995545748376
224,1607.6318489866312,-3.5018269889139306,2.543840616428783,-22.41178628861608,-4.130128849909218,3.5713216717226093,-5.418841951598837,3.422089337663831,1.4042154041262298,-1.4248403069469855
225,1606.640742650912,-1.033999712857536,4.306145862475167,-4.880658369711224,-3.303354124226222,1.6669862019700885,0.41015444658727374,-3.6385338001191023,0.46831513943242403,2.5508273338784972
226,1605.6397169215013,-3.744029337234179,2.9512524991765177,-6.93253182248281,-4.593768923914626,-5.220302754632095,-3.4478804927187836,-0.563006477992431,-0.2654863131091773,-1.4988382466476482
227,1604.6443488016778,-3.5122309754118084,5.777992927354693,-2.0012312801534313,3.7668480147411576,1.9645083590903971,-0.006494560679036741,0.05398088835418663,0.8653127664715048,1.1440974409999847
228,1603.7660678419936,-3.0669260546295645,17.54890892794175,12.62404858135926,-8.594282175321531,2.693676965249001,-0.6978746157363993,-0.32379920465922674,-5.599661417990268,-1.2001329688324807
229,1602.915216460909,-2.370446683610276,33.62719919256895,21.077541836006386,-7.226053636243423,-3.413609692999119,-17.155376012049835,-3.2008268869832275,-1.7099024066066102,-1.6002661629781583
230,1601.5392752396083,-3.836749931972679,-8.013200575412048,3.676845325033145,-9.145810465554353,-13.263838764949938,-0.564203125251436,-1.643485283904656,-8.29071445226884,-0.1821267567830583
231,1600.647263586407,1.2592179082002706,11.986164270708048,-0.5424211869653932,22.496872197168216,13.116305954386318,1.3625694641766626,2.369490727577789,5.689449937650467,1.907231433376243
232,1599.5832130000797,-3.2432532813815778,-2.6115928008697,-6.250184271066092,-6.0266785646250485,0.3400566945480916,5.265030440428188,2.2553138120962934,-2.610991496042222,-3.3932334969513
233,1598.0914898745211,-3.183716270807994,-50.56056511370451,-5.370908954382766,1.8424126057121213,2.3225793614408303,9.091996132672184,4.592898688238081,-0.7429452345727927,0.9428047527091414
234,1597.6694460345564,-3.978864569523071,7.190758861971512,-3.8201945384271716,-4.348596732926168,2.7702048951779257,-1.1391928483800273,-0.03293133399415357,-1.6779570878913241,-0.5288640412075032
235,1596.5099605541775,-3.477516006189425,-9.972342058895137,-20.27759186040967,-2.2294519893358324,1.2656188408919664,-5.3139163668867075,2.685950228526003,5.112620491664613,-1.3965963379680244
236,1595.553304371443,4.226322564414812,-4.486154076929002,8.079821593443292,-8.10728889700016,-2.389030388389543,11.431963989570685,0.8663311243416693,-10.972635969976526,-1.5230533169911433
237,1594.6065046776284,-3.3353341188709624,0.33712811328942605,-6.649814242273468,-5.403775123719962,-2.291866382834084,-5.519845830058506,2.186235232231854,-2.76817481253791,-2.120174710946011
238,1593.6427533578287,-2.3565926491069735,4.402095941768584,-3.826350774148996,-0.10182644241964604,-2.731439797427222,3.00048908144605,-1.9659565516702922,-0.8649881099896872,3.9359796059481122
239,1592.6035268519827,-4.122299296576228,0.469075218394794,0.01412503197222045,3.425726211403091,-2.4538236007726493,3.49847299617963,-3.8999275897080845,4.335845761424258,5.54554588371578
240,1591.7530899749142,-4.08690487434701,18.40534209385212,4.067468259736984,8.94239855421972,3.3496633739839647,9.657364069958556,-7.6782064694904015,-2.25454474599121,-0.7456505519598305
241,1590.5548125462049,-3.248256418225137,-3.0357924458152494,-17.662799482715197,-1.3448989622380945,10.481670550312597,-2.8209613373942464,-0.672133588004982,-0.6941286253195664,-1.0701913323332142
242,1589.6777783364905,-3.5698005777259842,6.862485320114065,-5.4444028498117705,-2.8165898251319095,-7.141230240850603,-1.9203142387070906,2.881722348276023,-0.685393339343337,0.5622470096917972
243,1588.6381597633765,-4.137117538388299,4.814495874647854,-1.9714073464430175,1.4927793957430195,3.6668306348123325,2.6894795796467306,-1.369171674269803,1.3516805442863535,1.354215953678468
244,1587.6938764009865,-3.515914830862342,9.003728973501703,-6.280979989924586,-2.038846750552608,-6.999554674669481,-7.028035829589104,3.3158638598411265,-1.2202672056353752,-0.5107423021316129
245,1586.6739537652254,-4.250413593618348,12.318627178086574,-2.222890018423007,15.49486731533658,11.263366527273941,7.245052372618668,-2.9262896146753365,2.2240433378157505,-0.860844881071991
246,1585.5175581604792,-4.804804339616423,-10.394070419507901,1.7253592147064314,-7.950383279909812,-13.062299471145614,2.722967302730273,-2.4872485359297896,-7.272646994238513,2.0592878040272917
247,1584.6106763170924,-4.534684659897847,0.060073881399651155,14.257219825798769,-6.756491065814004,-8.922820472451628,6.612126892913636,1.103195805444918,-5.363150294548485,-2.7913658788704163
248,1583.2854058193711,-3.8068086606585587,-32.66076248547147,16.157341303427383,-3.5236123781523854,-5.927827828817785,3.5808781833417735,0.07960490463847524,6.040560032853717,-0.533194362951738
249,1582.6122827933552,-2.94132759919522,1.4792441306603203,-3.185245261103552,-4.273622235685155,0.37010201459056585,-0.4839330401689467,-5.644644430072115,-0.7424657815794432,1.9314761906093003
250,1581.7207537235272,-4.376059277541985,11.269876058588142,-6.309687102352194,-5.220551191974717,-4.9321612880746235,-1.701420958524295,-3.167835351989772,-2.025440439785867,-0.45128092188301694
251,1580.6440779234508,-0.4718793969687789,3.9031424423117316,-7.577699467269678,-6.320710866365388,-7.554095952491684,-6.623665159777337,-0.9536733542096327,-4.3521684797370845,0.42215069404287153
252,1579.607550363727,-2.3759492622835436,0.8881093414386722,-18.19470568070373,0.09183297509305637,3.7975246585896483,-4.419530958245282,0.5968900216432811,5.187172165682957,0.3698267673322579
253,1578.7761667276745,-3.063528917281883,18.00962721219864,-1.2695161452563282,-3.0953000329373443,-3.86500693930128,-3.376870366642891,0.010216362297187304,-2.9660662841523884,-3.6047785923753097
254,1577.5975892999122,-4.424224203584398,1.1664030478479372,-3.0733613414169274,1.072881686269261,5.871288923005627,-1.5677384218989925,-1.6566011474013551,3.037794306521342,2.8876189298064032
255,1576.6910685437633,-3.6227000974902057,9.063216699278463,-4.290979364347982,-4.0448322957346505,-2.666429613166336,-3.778682192622309,-0.7750556245836351,-2.398515073194353,4.427481757697205
256,1575.729336404263,-3.3313250368947047,13.286864962391732,-6.201308951297408,0.8393872359601473,-3.2197459641807673,-3.999295872121155,3.3874376743991976,1.1806417714080684,-1.480281645709982
257,1574.6355338653009,2.168279412247539,5.276964399377304,-6.506365732652034,4.904070543880265,2.9324129109546027,4.7661229864499886,-2.609578098829953,2.927754528895292,0.16163944436690583
258,1573.301384309399,-4.143645989876268,-31.816078208343793,1.259049184577006,-8.124665476691815,-5.7820323658239445,7.579774021670246,6.325898370558898,-5.484141470570884,-3.3014688490276747
259,1572.6093497758195,-3.996465123919773,1.3513564269509335,-2.805471105606084,3.625639970575373,0.3630237396737433,4.722495142529257,0.7336093789795752,4.982105687932585,8.51551000091481
260,1571.6894095185514,-3.9675158322869453,8.073648887587371,-6.843398958072257,-4.551618690097921,-5.61263701302067,-2.8833238962797694,-2.197341776404352,-1.3087646208595896,1.6881169948516963
261,1570.675387187551,-3.8375743768155743,8.016391121014209,-4.827908415360253,-1.4370437799120135,2.646278564089739,0.5793762270900753,-2.8446166445161887,2.921758195636625,1.3005761188682405
262,1569.7324051666235,-4.171917888918388,14.216228538805515,-1.299803443029853,-1.5737283219913467,-1.4691950769527193,-3.6145843261641035,-2.693148265012438,-2.420477151404195,2.847366808534348
263,1568.6734569527232,-1.283315932890798,9.481242975634627,-0.1857687922718881,-1.7487712516655476,6.752693044016601,-0.14394573925063361,-0.6583441027993283,-1.2544416195312138,2.4398747867694537
264,1567.7163561887423,-3.824410833192569,11.874920003437127,-0.2722862380010612,-8.283919105487005,0.11199117520034811,-2.9423710165552275,-5.100009173145906,-3.6729592965915328,3.193252906664675
265,1566.6599148471944,-0.9228311080949139,7.264705067245956,4.1373948938018765,4.909547364941222,-4.555354021480292,12.612498997030727,-5.319167505000663,-2.236108555568528,1.9899623069577075
266,1565.3621128409684,-3.2753204372913656,-24.604251197193832,11.480956619881736,-4.348936509682094,-10.004949798857686,-2.409185501401795,1.0139851414483767,0.52431945307074,-0.9474021507112026
267,1564.7042669879463,-3.6188141812361074,12.967820228771066,-6.116966824895967,5.059554145144568,7.58485612839783,-4.592304903976257,1.424085634565593,4.6561336104528355,-0.8905025528880736
268,1563.5857167519682,-4.034562699994314,-1.0011572612979034,2.2017705837112325,4.530450796268521,-1.9250695533366087,3.899959924291699,1.6424020848717316,6.187053828690568,2.582482530075349
269,1562.6964652708639,-2.3730242843473155,9.437400151162615,-5.114755936246667,-3.4905906614880085,-2.0518520315810562,-0.9985532588310077,-3.8823867192489363,0.7902094164049966,4.59484610346733
270,1561.5659699321616,-3.4071846913736374,-3.188324045400965,-3.5027546939613172,-6.211315538191413,5.739251517431022,-5.212340322729886,-0.029023660269444966,4.755667018534652,2.038790117846884
271,1560.6582941081697,-3.6458255798906896,11.133433911477105,-1.127529390596913,19.49758629516963,9.07703147172461,8.856400888533459,-4.80949964058315,6.149212876256204,5.068530087540905
272,1559.581066663687,-2.9144642207768134,-0.44909360115922875,28.284343738153186,-8.723678104705018,-1.2751731743301196,8.33844986886847,3.9907070319501288,-12.34008520425117,-4.2019518443582164
273,1558.5787674759756,-2.3216422947467787,-2.9035155103075083,-6.008557278410978,-4.9015338036446545,-7.389330445124011,-5.705343646830544,3.6156893981336102,-1.257466502933795,-3.5621423985222656
274,1557.5410719499826,-3.1883952993134064,-7.244900593657456,3.862225129288032,-6.524762629932132,-13.150449929309765,-2.7543854220552846,-1.22145939963804,-3.252976802044251,3.4193746405814607
275,1556.644077782089,-3.710626060338906,4.001910599789116,-7.253463149124373,-4.661036275765654,-6.306742367324402,-5.220759577694608,-0.9059612323886114,-4.450658391474361,0.2330483918101001
276,1555.7128347302023,-4.038604600206296,13.200395642053424,-1.6702196485861196,2.8581598135570374,5.79213886654654,2.374623930713277,0.8983612831711018,2.1446288201855097,-1.2479023790591481
277,1554.7244540259428,-4.254343444447583,13.317530417793465,-1.5958726316785743,6.644047277746206,-0.3353316533152757,3.6392414237098105,3.293920375068469,6.461374759489518,-3.5059912476909223
278,1553.6963133430272,-4.1609998501024785,11.15792688202422,0.5923075094428646,1.3538138554526102,2.7873381904546135,2.0419164817932685,-4.4154478300518,-0.46969049942944896,2.880779400723035
279,1552.5217474382102,1.9256854819066305,-4.8139452536121485,-18.977382838698244,11.532874799984551,9.237302361912626,-0.6108408016685916,4.025072551670384,7.908555350005227,-2.456454591737593
280,1551.5809071291094,-4.093328667196066,2.6168731232556133,5.30380677354067,19.46552701277015,5.069711583624253,6.5807703693943305,2.4437595542669497,8.17770305515873,1.4339337002066588
281,1550.6609987613278,-3.762109154166767,8.909853220243754,2.6085467449750706,-3.5006221841468994,10.301525841710635,-2.7275860525133377,7.946170995688428,-6.761055432451239,-1.1919730080367168
282,1549.5647072949303,-4.1760462710006685,-3.8576190882673647,-4.710061388782187,-4.565291464114899,2.0984654655782484,7.052420188830777,-3.9433814754546277,-0.8844826057493759,0.5522578641311936
283,1548.6683070351469,-4.257088783658387,6.630492678637265,-5.411380982121913,-1.0405194297633742,-4.4878314596770705,-1.512082763205469,-1.5194996195690134,1.199139194872042,2.092303371887657
284,1547.6180240358783,-3.364759518418507,1.8076689309007352,-2.1966097060456367,-3.7949475900329683,-4.3648474166074624,-6.452020355334864,1.251695119121701,-0.507784871423752,-2.5139240879190825
285,1546.5939681123718,0.39358707137442844,-1.2269607182260658,-5.391818824948175,-7.90295227749853,-7.648383856966819,-6.146044025564844,-2.685041743870592,-3.360759910097892,0.8697404747533544
286,1545.6664397831114,-3.4690048279775385,6.9065121759665775,9.946612816820043,-5.60925243403414,-5.844698692626936,0.7418985520754711,-2.4987422980911163,-5.26968166373133,1.1949431605432241
287,1544.7901327625266,-3.6060726434048025,20.708974955535883,4.2132417924271985,-1.1956480094859934,2.823802654427646,4.287003787345972,-1.7659781968361656,-3.427759993504596,-1.6055368093399967
288,1543.6034724304377,-4.022011115646734,0.5584470894988425,-4.1096657370719205,-2.5132859300892845,1.1718826885926665,1.3677772065859495,-2.603369357835233,0.5552602753118605,4.123827901378815
289,1542.6583778252523,0.05996559117449582,10.471441503065106,8.268552194158909,14.146111306816605,4.012905215707871,12.673236174854672,-1.6443013853594914,-2.036157046846628,-2.6695476891401175
290,1541.4871892111382,-4.106828933590834,-12.183963013627315,-16.666597811436507,-5.670810763918904,2.30662795061783,-0.7124154165031497,1.7975292813264847,0.8456337753609486,-0.23125755209881158
291,1540.1046960327208,584.675530053582,7.313763481750517,-5.050268391429484,-1.9665150879838122,3.883440922967704,6.916686016860746,-1.3264838248881512,-1.77668751192938,-1.8937078681407746
292,1539.6862534648958,-3.465588592028932,9.557997558316975,-3.924006008742089,-3.6262862794247774,3.514976280937566,2.0447408528311106,0.892860019189883,-3.108585112750473,-1.8525263232281286
293,1538.639755185871,-3.9334586603210333,3.8658400003769358,-2.4977958035124086,-4.596549777949895,-2.0937291827419098,-3.393461562662463,-2.9546884537823,1.1579377528174657,3.232336983614828
294,1537.7668772151867,-3.6522442536284414,20.113655468546824,6.104214685400557,9.322401260763288,4.696192635893333,10.568982318543245,-7.66761595610072,-0.2154943978297452,2.879180801497825
295,1536.5184032873872,-4.418853149043515,-7.977168844397509,-22.244237178588644,-0.503432338632715,4.867474733298955,-3.9223029942338705,-3.189766477346168,5.1599275038682215,4.577599620022487
296,1535.615424409911,-2.5013659415579808,2.1791515952734217,-6.938059980473917,-4.228000422985655,3.8143085538448975,4.638018605829719,3.0618430804772867,-4.797732518682016,-1.9414774487384865
297,1534.7674860569111,-4.399555758100328,18.350582973416124,0.5768686418277292,-1.7859680748256328,1.223799335267969,-6.066457875037539,0.042721350824706586,-1.5682811537164651,-0.7936642728809736
298,1533.3158991386258,-1.153194052501567,-26.909300077078672,17.52052298339995,2.3892252493174904,-1.2174722693004218,6.293307332128063,-1.0035493948865994,3.514525752886659,3.2455737118071117
299,1532.5750937125697,-4.301555427121013,-1.5789712013991237,5.9973060532121005,2.78845344745993,-0.8560463955895377,2.52008189327008,3.729366919925089,4.090166161168887,2.994590997209197
300,1531.615139523561,-4.079499143189825,0.6451476601031857,-4.536432093214334,-7.465705806718856,-4.620718226887577,-2.1646801678229495,-3.1035228699807287,-2.066847876296197,1.6032586180259636
301,1530.676514157528,-3.963743191026017,6.814515838491474,-4.712576766780818,-3.3309001787261283,-6.328284742183187,0.015452846567158177,-1.6896502336730266,1.47500430599641,1.047445661859729
302,1529.7018009927833,-2.224076095188307,9.810341154656868,-3.4375008191594745,-3.7078707548380185,-3.9621493016948923,-0.6948370308058478,-5.31393666996213,1.3866976934493007,4.971782836775558
303,1528.6257891583662,-3.9094152552444856,1.2227931854902354,-6.207196736122902,-6.108013283416577,-9.206528484359712,-4.478987085589961,-1.714043063388771,-0.9084496779609631,-0.7313338175312134
304,1527.6778169006925,-3.728657792407391,8.746115170912807,-2.801948838635606,-0.08064112783984449,1.872551475340671,2.2936366256163825,-3.9884744205153595,1.3872920820858017,2.5233630291123745
305,1526.4876988443887,-4.395185597474239,-11.419844139151719,9.27016346699451,-3.2202747222434613,-12.308032887594761,2.0787133793373136,-1.4603142517743553,-7.386439639530383,4.285233619268805
306,1525.7447581898186,-2.0224028612139695,16.906672715677885,5.088295989674644,-4.922960960906524,4.982169513662521,-5.633564702983781,5.302108561169967,-5.510276179249603,-0.06632808309356833
307,1524.6086463127738,-3.6940182666431287,1.5855906320406377,-7.248491704171984,-3.162281414354278,3.79146008804557,2.4833243474652784,0.09315019795283146,-3.8000901659810693,0.45958514869867373
308,1523.6668066567613,-4.173213950891636,9.964727797615904,-2.6660968003403176,9.389600167197807,8.439176423789027,4.4439530660476665,-3.752152986261832,6.005687896569297,2.220490537381946
309,1522.6427655672976,17.931426684395802,6.359866746572346,-4.311222244599415,-2.4470742273940993,-2.0075783439484156,-0.4071401741477701,-4.315056584424756,2.391634786909278,2.105021685153731
310,1521.56698574427,-1.8296928883416232,-0.45326285705600666,47.79254017601824,-7.643284199669648,-0.6961689962385674,-3.764734775287327,2.7320109062953555,0.1303014852106052,-6.6903952554370205
311,1520.3640842319608,-0.1435593598860443,-21.58663679122322,8.975072678129,7.168666569827053,-1.1909712660903429,11.636061920374996,-4.739770889437624,3.3621407256255136,3.5888321239078387
312,1519.569189313536,-3.4822069624966443,-1.9805749244214863,-24.52157985649873,2.9131074481615378,3.889962909800654,-7.34896891564982,4.812152945887132,2.4657380362738537,-1.443201657430416
313,1518.5024920577252,-1.9883379749348642,-9.452971675040754,27.94281982905025,-2.10518481688147,-17.9104331368899,2.688120622387281,-3.667344208575915,-3.960641557810373,0.11540168353247315
314,1517.3925662925421,-4.143640555797539,-22.004224541491052,7.434543592328066,-7.697784809665015,-15.873437961820374,-3.8523714542607883,1.9271715852700297,-7.818327948193603,-2.015279294517087
315,1516.6984513742318,-4.0728546741185605,10.476478299425887,-3.659891295815258,-4.550746312890859,1.0244176029929364,-0.9127668891818191,-1.245367325226205,-2.8711097471983793,0.23835624825710516
316,1515.6612495699842,-3.866197917234084,15.499766044620229,-14.926675414713117,52.496357555623035,-13.50496970807447,-8.62148466019638,18.83309125426483,1.015576053478808,3.225515035455243
317,1514.5284893343735,-2.5402199680926136,-4.0557584441395,-22.306136943336757,14.56144045234769,10.223126831835412,-1.3257427726433157,5.258296328890201,9.905695901834317,-2.646741956748046
318,1513.6658474956216,-4.4586953630287525,8.839900552741366,40.21897752155576,-4.574574176385304,-0.07009468890692899,8.006793769656797,0.4854175993160329,-1.6640206312556247,-7.989043990553318
319,1512.5635001727246,-4.147577901780625,-4.224665735428414,-6.77687521763851,-6.5071235212009855,-1.4272597195865118,2.036364505335348,3.6125239306530266,-3.0475884802223883,-2.8284818246768633
320,1511.5963941675723,-0.8471463221448848,-0.1741478525113712,-3.650820749538071,-2.041761803325601,-1.0482178562843147,3.5955019081151507,-4.396298141009655,1.348238674713738,2.2331151648304046
321,1510.6583524240486,-4.148900534779955,6.377514679788686,-4.625398769009658,-0.834085925960852,0.8268474510237662,-0.3739686106405927,1.6332970173499426,0.3590483089769379,0.4278186338972233
322,1509.702332456328,-3.9263275312991555,10.910877476895353,-1.3891157997619952,-2.7447899291649076,-2.6459683019738343,-3.1808253404499913,-3.179677136386819,-1.5516857456503024,1.265372182508292
323,1508.6445301251695,-3.8267424019892755,3.9390884069062073,-4.9629187442277685,-3.5128674600365617,-8.078612990647265,-3.0676879027471213,1.869285476263592,-1.5441071421319315,-2.671997343644238
324,1507.733989985882,-3.8733341277481648,16.125299424937786,16.300391943105886,5.8639213323936525,-4.834648401431996,1.9972023319187242,-6.569511499576602,0.1713990870637878,4.959518937915741
325,1506.636104264404,12.509397953591044,7.968325507927052,1.168136154973225,10.862177975342323,2.7477720238292656,10.110968733889626,-3.635586630969257,3.6032102967610706,1.4308072797429476
326,1505.8063769256146,-3.4246099388809967,22.65815473345177,13.63607855720333,-0.43746373743027744,-4.863785039894849,3.645147205218775,-4.239271717310377,-4.86086339817885,-2.4567000806956076
327,1504.6211981121232,-3.609478611667132,2.9216970803926503,8.240791511954642,-9.275310878119898,0.7525024971158283,-7.618936420369707,-4.101730291620557,1.2452486898019832,0.635009251145593
328,1503.3941885809536,-4.091566870673645,-13.71619017368684,30.832889792324607,24.075121636356567,-0.061245152387989756,5.186940081551002,-4.092357487180109,6.4494007061819465,-1.2215505917205438
329,1502.404517448304,-4.455827916984557,-17.24631219252984,18.076408890993292,3.8719157684085994,2.1232009828703844,7.203908395264747,-7.548521455598041,5.631164591755491,10.826228897046184
330,1501.5885382304677,-3.9903142836443686,-1.1990273514949663,9.585543287269875,-3.4785407814367253,-7.587444296254417,4.364780612899073,-1.3949174922322487,-3.671556662582028,0.7680682633520934
331,1500.566311409534,-4.36143869190462,-3.4422084182305905,-5.530302974190856,-3.8119972537057336,0.9101220288236002,4.7791420976341294,-0.3266431295593622,-0.21333469632578314,-2.6112873318226426
332,1499.5140689312927,-3.580321985773861,-8.023822502381343,-22.923695523372817,-0.2828805593173536,6.474765407217766,-3.13970155016668,-0.1502522969904028,4.4571918789728615,7.611590603435462
333,1498.6156476309877,-3.7515102743730284,0.8346670896939327,-4.49941892197277,-7.561793588361773,-3.9833524893238166,-1.759231212457211,0.18349458579251268,-2.5083239464630345,0.19855867660509743
334,2332.650248656267,-2.964400685016879,2.865208942886566,0.5259873034254677,2.07660009016308,4.0517759437148095,-0.7307588349579699,-1.3863519369606383,-0.9691906747692007,2.312257565368472
335,2331.5763493424943,-1.2338292119615601,-5.8940326990816025,5.495075864714656,-0.727535086562263,-3.539826757508495,5.330156974245417,-4.442058547552671,-2.7089973944795163,5.1364765126377145
336,2330.8122185877196,-3.536425361315612,21.91763536415341,-2.196345676463178,13.346914220004411,8.234525214166624,2.4732555869563604,-8.009647127471478,1.3628556088139336,1.066524852209626
337,2329.257311981454,-3.2586498460420548,-36.58237515074087,19.830674753712813,8.836894582813875,-5.2202947358377285,4.873417633945581,-2.805798273964321,6.489258801233388,2.3076374401731425
338,2328.1848944277904,-3.184957036461458,-44.506914425403984,14.979185506479714,1.788095358164333,-0.9926334381915153,6.100106063230157,-0.7410372528184932,3.508428189556994,-2.9286348123068495
339,2327.636632195048,-2.55140217769255,2.6328554483262376,-4.253338825070539,3.822049013948525,9.19596164113541,-9.02364764636104,-1.0569056602408533,4.564606848653667,1.4606121934043028
340,2326.2551091507557,-2.611291563278172,-39.08105432018329,6.5130973274454895,-6.75664730375873,-0.6325375609023918,6.659195032061522,3.876768033178547,-3.044984863677319,-4.613995328430794
341,2325.5220636164754,0.2296387777664359,-9.029292732466773,-3.8900926763190977,9.640551103721862,5.132424874078576,5.169312725459901,-4.589567559974629,4.135540103184031,1.3803107759151416
342,2324.6021318151356,-3.3348083568345577,-2.7051280022826156,-0.542506205046344,2.3551164240741267,0.8993389312846688,-0.6453613183735175,-2.477279143575933,2.401383618049735,2.2711410369517315
343,2323.6362415512017,-2.6492383853202295,0.5877614173286906,-21.339015213767762,-1.5087695859482944,7.496483264753745,-4.946992705773689,0.3891713453958628,-0.23567260292962397,-0.41864227115199015
344,2322.3351004066526,-1.231708889352955,-29.25091920448005,30.289890236964634,1.7506200734398694,-6.1635319338765076,-3.1679332921054852,5.131835058594012,6.943417952515095,-5.169577204825184
345,2321.576681289082,-3.611005234017656,-6.744660512122575,-4.07697833319868,-4.944053489170682,-1.696133583272324,-1.1304766637704524,-4.764234556641148,-0.6059703451754329,3.6681275578135955
346,2320.618724330955,-3.2400838744689926,1.3038303399429985,0.7817987935553936,14.772782310147507,4.128685760076863,3.3021827378959823,-0.66009196236547,4.985188592338155,1.7185069506450747
347,2319.7239017032057,-0.7613708147999528,9.416517453005612,-0.6690099840566088,-1.3437419112491926,-0.4400850746155009,-0.8351808229551874,-1.9928521069260123,-1.1041617527049956,-0.8649541494450983
348,2318.4098748775255,-2.94385118588163,-19.216966236043547,29.213240348179305,19.40943325915976,-21.41009714026523,-15.477188280536659,7.1258642104471965,6.517947472338167,-12.137554231101584
349,2317.5719544054673,2.173982131676536,-4.813780823723803,23.809852631734927,-6.5966206895234425,6.039141895808655,9.971705745821314,-1.0830174623885143,-1.5781074430891688,-5.876940480920556
350,2316.6823184783893,-2.6290724067657423,5.123513725686371,-0.09209567938505031,-5.001698110706689,-2.3162452220620273,-5.404706481382047,-0.6271563384543366,-6.630506266653179,-0.6329471422610418
351,2315.4860452341013,-2.519168438518761,-13.70178431334483,-21.494770876372247,3.069131884182832,7.552167550163064,-6.348908324833509,-1.252725115500547,1.946346936729809,0.3788053183364045
352,2314.577121331213,-3.172789746782052,-5.177502877324718,-3.942095799758566,2.991769238758284,2.0466400606473454,0.7461321522797064,-1.6849430929147267,3.21999381317769,0.5682888662869544
353,2313.677321680375,-2.8607688871362735,5.20689038757361,-5.125401581278233,-0.08640492373167688,-0.6015282223088193,-7.267242644503365,-2.943924836095791,-1.44867252839861,1.1193580339608684
354,2312.6658309067384,-1.5215909885933727,4.1818477483537855,-8.820191493352342,-2.2468030633011207,4.209682549539209,-0.3246538378599441,6.510044694637122,-7.534030287489292,-0.4574689095156591
355,2311.7070596208105,-2.481877668376968,9.512693248421163,-23.570530329030255,5.0738802945262185,9.323070316975375,-6.283140645790762,4.6636616249791505,-1.6073640259349653,0.44447539437087435
356,2310.99556309621,-1.1766879709122668,38.84901677218423,-5.087850236143873,-1.550501890034483,7.528974747740901,-4.329740606715951,1.9751401965401225,-8.819103620395413,2.436664410921627
357,2309.6545447526723,-3.1523323473142177,2.900090133740137,-3.434087443302571,1.7621692114284864,4.821880586394145,3.6725251860323387,-3.735142592739834,1.473238984538452,-0.03520140184550109
358,2308.1854597489187,-3.0737102439745287,-40.19417480476012,5.192702043464714,34.227072922202964,-8.261029232389449,4.479245726361717,3.039487235537351,11.113068344365855,-6.436166088173255
359,2307.6901704279617,-3.6951141129409906,6.732496332276841,-0.8485814614924526,4.060948205153393,2.1688164898495184,1.4378198984124897,-1.2857747921786478,1.024577699589771,0.6356002130203912
360,2306.572569568543,-3.666349335193841,-6.988496100390448,-4.471250385420164,-5.62462673528084,-2.8664888871348766,-3.6253622131538923,-1.3092908469009445,-3.885404220618183,0.5766721531514774
361,2305.5706808577647,-1.0768720607304816,-5.1013511020004785,18.15156407634537,-8.697378070480681,4.22509950051152,-2.8030648366179847,3.7390157032101516,-4.510155241505925,-4.856360375462464
362,2304.5984280428484,-2.8198970406389563,-3.8604245221276456,-5.408429443253218,-0.9223282613503054,-1.8657902163129558,-0.4624213220094281,-2.854403735201187,-0.9618593678723988,0.8569280720452614
363,2303.594938155458,-3.1998103026839777,-0.12883573571001192,-5.281078759976764,17.86463504242541,6.347840586843892,3.153795849589865,9.418087105323565,1.327236373887313,5.82703276061828
364,2302.5937111131593,-0.98037224494137,-4.40031382858462,-4.742754701349474,-2.047665743225503,-1.7410144271471204,0.3659449937303486,-2.6762943777208834,-1.7154000666611227,1.881944445117288
365,2301.7520114386184,-3.197603783228142,13.402935141298933,7.211803505623277,-3.840219391886847,4.351566272767771,-2.580885516407831,2.4075956461129406,-6.727695262011107,-0.6589605321295289
366,2300.61146993968,2.357946728705556,-0.7550622688982797,-4.24607522003469,1.0047100603509518,2.3319060113796573,-3.5434616023693395,-0.24406374503934253,-1.6058474380830494,0.7906423826389667
367,2299.603019138079,-2.6803553234092474,-2.833220798592075,-1.2472103997217168,-2.9849667529728006,-1.0989581382361218,-4.104420609688115,-0.827605757454009,-3.021746449965345,0.27188254410134566
368,2298.384852138232,-2.9402424027740626,-23.797077525793846,3.81440335574929,0.1881320818691881,4.07608702202441,11.632369304671231,5.464167240688058,-7.756601811591033,-4.263741097463008
369,2297.5141585709084,-3.2505065194776774,-10.933487132094243,-3.3862269482262133,0.21425556721400985,5.277770359409411,-11.786362807411958,2.8372957590795647,5.424963356435326,2.2191647927836042
370,2296.6719027706285,-2.816536110364001,5.416055465540594,-3.5500981271729364,2.0850518170790724,5.499592029780653,-2.0054999884690106,-2.5157370748204935,1.1761635014894298,-0.4121803226935352
371,2295.649692429396,-2.374349720852826,3.205173657289523,-6.456846309761922,4.873149198646138,4.690285094691205,-6.764858012325483,1.8509958933278943,3.749611959089946,-0.7282549616812675
372,2294.2718644934025,-2.6385044908357256,-36.987470485475605,15.33665448585663,-6.946537390150284,-16.04642704452371,-10.555107682281495,-0.3939074642633262,-6.990943620711071,-1.6551731773086977
373,2293.6230204930425,-3.416047333458186,-1.4222030212261565,-4.627607437362179,-0.4222590125366597,-3.097909851366366,-2.6032844482398203,-0.0426355292589026,-0.302265527453304,4.320829085189814
374,2292.6382035009924,-3.647330761375462,1.3576317205946975,-3.7316988880166173,5.749456461017469,1.7822187016248696,1.3140985325396706,0.5977871403360052,3.6319083724391454,0.16048531686679254
375,2291.410447939033,9.56249706066219,-17.76330320017628,-21.134076439857377,17.602844332968928,12.322098896371731,-0.7578842388856986,11.07472094628647,7.394575716079523,-2.3879275709343633
376,2290.6083493531764,-2.814409175434737,-2.3477646839284074,-23.099709336794422,8.407493700362117,1.1480453860327449,-4.800510605806827,5.142141563919434,7.698905826049506,-0.7321199459937598
377,2289.4846169454254,-2.6227569433392692,-16.926338562555774,5.092035895486442,-7.489193848783892,-9.362427673840441,3.832251066974908,-2.8466196304475853,-4.015688597099052,0.16322823125718136
378,2288.426200563455,-3.2234977806866114,-21.78385169504955,3.3770429536452484,-7.000191116575985,-4.541521598731811,2.4937444927589763,-2.925908055799871,-5.991905379039907,4.011368826893658
379,2287.573889536244,3.0093012740195864,-3.0137996261119153,-1.582285475090254,6.803306857487345,8.184705125081752,2.2911131806615996,-1.270234853353489,0.9639645164327199,1.6547088496583164
380,2286.284068737017,-0.7795617294722341,-34.6573185490198,16.239430972103747,5.934478841626159,-10.761233209539013,-0.7071052760892027,5.927028613801771,5.135583535151299,-2.9357215521631144
381,2285.4237820814055,-3.8547843252331337,-21.70702323328487,-20.495628143779477,-1.9768523766129944,4.839615556534078,-4.5397184136558035,5.010272119863948,3.623246798536419,-1.649611275384243
382,2284.640363267392,0.6021411628013817,4.019697447340953,24.150887804945146,-6.540783306700482,8.186320232798185,2.2181277911451405,1.8233519910612888,-12.227960843242746,2.5165178335219767
383,2283.5951786990418,-0.4206542764919187,-1.821231022640776,-2.57643351921498,3.140125252530696,7.4230524976970935,2.3257822485661075,-3.0725379651214997,1.9297501593145718,0.45237683861462435
384,2282.757827034075,-3.358330616166078,13.36458939951226,-5.193386509145923,-2.8489074942959465,-0.44806823203803314,-5.974512118005622,-1.25175048297762,-7.240077359162538,5.60573198598981
385,2281.4212171516215,-1.4258291177030324,-22.20777036738685,0.8877266188574437,-8.341490711655934,-0.6169499790713073,5.187637094764236,-0.14815113164265278,-5.333596538035596,1.0838160256929077
386,2280.7496105955256,-1.7654809832015212,14.040317160690554,29.42209083253628,-2.901431997823499,5.848670153682402,-1.1165376500376498,9.544931438827218,6.435611204265881,-15.744356614874604
387,2279.646772480125,-3.2890423940777023,1.8443041973974432,-4.6580879575067335,0.48468169121292426,0.993109561881694,-1.140107510771842,-2.2579020554742084,-0.8172207783520514,1.2951324168986447
388,2278.7118640011195,-0.9556812478716317,9.676542418461063,-3.253196209786674,-4.709476897492416,7.8855539468270806,-12.210292002400159,1.5167376169556581,-0.20667318700169465,0.36153186380440755
389,2277.690162189185,-3.6277720751968663,5.53484318441858,-0.8018882205654282,-1.9127952156156207,-3.579366191381216,-3.7027710898130706,-4.463341002971887,-0.4823882041073824,1.749203491977687
390,2276.3002488480415,-3.6263120761897065,-35.393177498058755,13.164616899382034,-6.754400971137808,-16.000543647007074,-2.9736351101406924,-0.9544267000073605,-2.6678939766376946,-0.5251662190570309
391,2275.671623783738,4.678864535303055,5.350957917471033,-2.6867536431843035,-1.8563671316708998,2.656847484937323,-2.1997403298147673,-3.2957115996954838,-1.0806229586955045,1.107411013144976
392,2274.652200711261,-3.08749166771687,1.804031607217049,-5.113366443666844,-2.685491162722751,-0.8150541254290607,-2.6877224756136378,1.0476497519098942,-2.406306160966902,-2.667169297562585
393,2273.6128390482113,-3.385890280355063,-0.5677644641287264,-0.8832135021504961,1.9886903327445513,7.0051445858536106,1.1487953647873836,-0.9191997781465684,0.33550262194980884,1.6790876976984581
394,2272.618850294811,-1.7508708235738504,-2.0869755831148002,-6.03554874271936,-3.419429745892415,-2.4427557665729966,0.7323280766583841,-4.064550004979251,-0.21859220928058684,1.2245674346685007
395,2271.649545053321,-3.48368805900327,5.565751699411471,-4.414045894734694,13.813044114760409,10.894147044308273,-1.611795558940579,0.1855189166950942,7.075599741118302,-2.0535293157973804
396,2270.8796687332137,-3.191185326829333,25.936030550235728,-4.49322184506294,2.52008222636073,-2.2648976658324838,-3.598996023003923,-0.09186511306158554,-4.507364564565234,2.3732833404779825
397,2269.718436102258,-2.718229918805038,9.995568581652265,-5.832683119376274,2.298523235130789,4.3050298472963044,-2.8662888790250873,-0.08767398847448492,-0.9730104523343042,2.943335810217574
398,2268.594582994294,-3.519161093236847,-3.381705341630298,-5.92948894033067,-1.680683005728944,0.9859098706863141,-3.768484889663348,-2.744981465525811,-2.4720621766034485,2.5677779026783885
399,2267.6262703872517,-3.140736263012157,2.629692296714187,4.991453520237038,17.15210671145076,2.753497705384518,11.143479486223761,0.6769565484940311,3.8096231545775754,-0.9107395475036547
400,2266.52447935098,-3.4197125412091096,-8.829188021940816,33.020157214257196,7.2801113867694704,-8.5792242612797,-1.1558190517591824,-0.5986366450597719,3.130401162587663,3.808502439861794
401,2265.5814072532153,-2.6930322639106477,-3.8027089610842157,-25.408248160239207,1.0881950110035468,7.8004904200582095,-10.300856071845164,3.3720191354861964,-1.8589254063453915,-2.859248069580526
402,2264.5825891760564,-3.542800746612766,-3.4211165029435957,-5.817838270763727,6.940477266224636,6.24970529380467,1.9357124283867688,-1.0813265454858716,5.188084226257796,7.689015054223663
403,2263.6441488211253,-1.2555824051969047,1.6718273158859425,1.8775996055853823,0.006455541156115102,-0.9010713762214952,1.4902893844635163,-2.008516895957756,-1.3724644630696783,-0.7694433537639301
404,2262.6200278378465,-3.2839592722345965,0.5927884526497711,-2.603381358251126,1.026692811240894,7.57014240198758,-1.0053051504720918,-1.3666859090969001,-1.0129464464350213,0.8318552523115587
405,2261.670372820008,-2.7185567816875236,4.059632199018191,-5.715014637609475,-2.1047298353978188,-2.26956744353682,-3.4968864925708028,-4.600956106700191,-4.8821318341421565,4.110425006530264
406,2260.686624064732,-3.4445335988702115,7.232001324237705,-1.3115570447950884,2.6015849924249683,5.563182290802186,-4.2517329331161156,0.22279319312680124,0.42517010772839825,0.8829952822454091
407,2259.6996638260125,-2.9352892327606726,8.524538487248922,-4.275145265381326,11.284013117550197,-0.6997858017584689,-1.1148972534176842,5.384062316781684,2.2880197500685386,-0.2514782981148252
408,2258.6588402237976,-3.2010730645670313,5.606010991142925,-3.452725797815827,9.056868256495182,6.155767381482595,-4.5620528959157784,7.193134317421688,0.38867039899983097,4.836510685174573
409,2257.580832346617,98.14063424094283,5.82774795579738,-2.6313072378163214,4.149203404356627,1.6772629302853435,-1.9332043786824222,2.342066762025108,-0.34131693894980797,-2.082130812142266
410,2256.741768223161,-3.205448277540385,14.51593893302189,1.5569037738320588,4.846563052191246,9.028416396035933,4.9221789011389365,-2.0299344384721874,-7.348824525826594,-0.032924412239113715
411,2255.6931562038612,-2.356268723616392,7.7752176685386765,0.03809746171877043,-1.8551523821860139,6.209319339663159,-0.23596008155830733,-1.5638006298342315,-4.637151511161655,1.0165083388523
412,2254.658996567386,-3.3882108537467053,3.3837063487782775,4.090679306786061,-2.7027163801127236,4.74093879759118,3.4194945145587456,0.2720121546857067,-0.019865315039753775,-0.3134283810082556
413,2253.7109367400617,-2.3723495880846293,8.83048610951128,-1.7913658978909337,-1.7573731190968964,1.218107812287874,-4.899997010914654,-0.8570510543498828,-1.8872901197234697,-1.455537365651528
414,2252.6499588668034,-2.900907164861992,3.3581232363716667,5.229372800002932,-5.062616395858651,7.68144179388421,-7.642138989447545,2.921170351233167,-1.670090236685453,-3.6605211438675367
415,2251.608594407078,0.20016699520989395,-1.0328836084041566,5.4729019675727875,-3.258950216598737,3.3842625573143685,-0.881304717526877,3.642021584131094,-3.163511429739654,-4.396283857298084
416,2250.7843860502844,-3.0446826515676984,16.091139138667526,-5.720068141223826,-1.1302766752880908,1.5835787584982006,-3.6101375491647048,-0.13370967475754458,-4.576695726307871,-0.2771866856853901
417,2249.1818160184635,-3.2145951467915928,-47.961397773841234,-0.9790753055307441,-8.392518986161578,-6.556315559758225,7.546393107066666,5.1398615027118115,-3.158399321697039,-3.36970559150457
418,2248.4488185303803,-3.090840761529447,-15.800873503375,34.03855065085664,18.349530957003577,-12.920091677444374,2.1032381340762147,2.3419675668396707,11.007823081686892,-4.029758641818367
419,2247.328116498578,-3.657536255637977,-31.41424431897083,13.134102386298466,-8.448181344904667,-8.257456555631835,-3.424249009714612,-1.101341612949007,-4.788838853385453,2.9375615615917816
420,2246.4530281860507,-2.634431551656427,-17.841673038238387,-22.47854572742065,1.2851604717299578,3.5929092857613405,-8.392514738170107,6.465512208700215,2.6807619306951755,-1.5647784563898184
421,2245.8200803605923,-2.372894555769631,22.448286853334608,24.49302262975789,7.397224251383134,-2.8727414289964446,1.9095381939130505,0.12161569836317546,-2.1226431281890785,-2.181748401461715
422,2244.549207072517,-3.362550744292217,-9.275926480138148,-7.242327569188497,-6.298895901342026,0.055947488372390566,3.269699471788105,-1.1920246470599711,-3.4906050520184295,-1.6988804710868322
423,2243.6309110287325,-3.0589865193123615,2.8298444023729896,-23.245448594322422,17.748149979568954,7.878162630590058,-3.700881358638076,9.49440749578702,8.421161233214143,-5.955852905841046
424,2242.6817055558563,-3.118221158966,5.795814326758095,0.8500271335094889,-3.492475503033095,1.154825243477145,-3.9969971163221603,0.4513329339600057,-4.904009903125561,-0.15820708279038867
425,2241.4964416833946,-2.924786774026186,-13.737646572311862,-4.167255288207947,-8.036962384125754,4.29043778402641,1.8082506579205233,1.3890450411497828,-7.260762014325358,-0.913918511265951
426,2240.6219062762234,-3.5345718748370785,1.3091817608945435,-2.6959905480312023,12.899904795583343,2.3929096029302754,2.576671405713042,1.7464991643079621,3.925795729452193,0.08648276417794797
427,2239.5941803448522,-0.6932689497531697,-3.4219748296790997,-4.7418815433404,-0.38558626874921326,0.27556563089018776,-1.118682666733133,-0.9277421166401256,0.5409586235173455,2.040319389486315
428,2238.4284438249256,-3.442617911802506,-21.958237544230876,-17.18012615961135,-6.323368191435984,-0.6708271674632638,-6.993925424778418,2.9027001886843746,0.12465036610093057,0.7284294388035566
429,2237.561299533469,-3.0491863006918183,-6.78388368151865,-3.4657167281255576,-1.6609559701555188,-0.3663928846544844,-1.186954872143246,-0.36664287211426766,-2.842650010304316,1.9537252001818561
430,2236.5785588522385,-1.4598816689784753,-5.827479857320265,-4.553733962889641,-3.594003820331399,-4.528834378811847,-1.78233490857867,-5.15176794635481,-1.5866093211645578,5.703200728807989
431,2235.3045975773243,12.189118620298904,-28.45225088975878,28.844443074816738,-1.7353623858278433,6.659198855477296,-0.9136167034812259,8.5951205844254,-0.07154654249989949,-6.495802700795578
432,2234.6096699056156,-2.89504066683046,-1.9885442157017963,-0.752628855144184,-4.525152321152206,4.582121068272276,2.2489018700741266,0.44896755351273926,0.9045291684116069,-2.8068611490414
433,2233.484044884372,-3.107520833185109,-13.32411386721531,5.357243532124075,5.944587481825732,1.0375674406524806,6.826599099421337,0.6840978283003505,-0.5919872849553379,3.341057285080249
434,2232.525339742805,0.8820184484225106,-9.511459169705503,5.019782234548941,-1.28932032606308,1.7763584308956069,7.055052741305581,-5.273198340761111,-3.9610501997515577,2.5276193119227592
435,2231.6113141372734,-2.06452960477269,-0.02274863686277218,-4.0485174642075235,5.107730376305831,5.066154903559023,-1.5999634958967588,0.8284968915660521,-0.3204756738535976,0.6273123159666014
436,2230.6482208610037,-3.3494602993903944,6.708360417521843,-2.906476778378861,21.524581762378634,8.18350727734948,5.821645305266497,2.0964760543972782,3.4522348796667526,-0.28940399342661033
437,2229.5892730104397,0.5920975498235229,-2.9532421596520035,-4.765661625780854,4.338259291381587,2.256949196310598,3.757652419532103,-2.066682029303026,2.6262531058470904,1.7697776353967936
438,2228.7335605164835,-3.0911987765632314,13.206846417526416,-3.093125719312143,7.9457830843154165,8.331149524216793,1.542725795896026,-1.7253174990644455,0.47428163457558326,-0.14918304055764448
439,2227.840490340356,-2.7358885932807295,24.5838151478153,20.15381930996726,6.9777553903583165,-5.501187408506115,-6.966171122221118,-8.029322402680005,-1.0085231982054852,1.890194324082219
440,2226.530725156348,1.1139881820816437,-9.314432753180037,6.311818090889135,-8.320305588460666,4.905871996902307,-4.469701268582011,2.832426495741281,-2.046246513345465,-2.8439374975520284
441,2225.559677814294,-1.4701175444717693,-7.6031017661449605,-7.000561770305291,-5.045149357182499,-5.834651160937372,-7.902763134273496,-0.7755924030179494,-5.118948511377941,0.10703861318921279
442,2224.449811497266,-3.4529793250547516,-15.845310599555743,4.8563270496951425,10.392023346313309,4.092953327040045,9.182088903980445,-5.114086073257942,3.7523882865327924,7.002240405135675
443,2223.6956000209852,-3.1131407599035636,8.271044124332253,5.19497384694046,-3.7526198613800403,5.983543555595145,-2.012130192345462,-2.164466121939193,-3.990966137968245,-1.0130382514597684
444,2222.734125721289,6.762881963837498,14.045805445633055,-3.3982801592377876,8.089300448851526,6.783873854885694,1.6596761764390782,-5.942127741154517,3.538370574135827,1.2771673956396412
445,2221.610433892199,19.90287387520995,3.1451598241017527,53.15127211470932,9.909784785482971,-12.919408670883332,3.1965364288805946,-1.2492149739055123,3.9557388366338873,-3.690959295918028
446,2220.277431394996,-3.7532952168672913,-28.816156423577166,5.052197201353007,48.74073814813524,-20.754304344656756,2.331538006439822,-0.7764899777430195,8.427262811062473,-6.897746568943986
447,2219.432790756061,-2.8471394745965695,-16.844113469119446,-0.9846071327250424,0.9697777968099238,17.466555846627685,-5.691699285774181,-4.239780538319718,7.015450263557283,0.9183844275645343
448,2218.6237961362554,-1.1493560500656654,-1.0073476872882143,-3.8538394356483323,-1.925967972626421,-3.528951679329542,-0.6076288408911197,-3.369056655289567,-1.5199126692470948,2.5100641108263617
449,2217.553891201014,-2.347332088269319,-5.717281904497765,19.535997731099126,-2.9140484517961642,3.31296623624503,2.6731273628518197,5.937397489809451,-5.12771266413672,-3.3760683623246694
450,2216.582103021581,5.757183380166988,-3.6387276900662284,-4.315547593385878,-3.7849752445510045,1.1512730776795435,-8.945727000247185,-5.042983864835827,1.7215729863159008,4.259922286249217
451,2215.595796686123,1.4032193163065227,0.03441363448021999,-4.8267249523353435,10.629181999267564,8.250393853260498,4.235146179902908,-3.094741535445956,2.6169014027818536,1.290183968322207
452,2214.6095171103884,-0.702480372674881,-0.7943695233334925,-1.1988171960665126,3.6225322364320145,2.8882649339499613,-4.487587993921856,1.948533488559171,6.232628635422629,-1.7729828771253258
453,2213.653192924699,0.14150634469318585,2.5852542611077527,-4.169484896181272,-0.7508772680655866,-0.9113603391963381,-0.6212116394825998,-4.074126099536479,1.1512997688693363,3.813662160796943
454,2212.6368350737566,-2.7888617710742487,6.7845318265768695,-2.351397729462607,22.264042639290047,12.246938365794815,5.6729117038004935,-1.7461746930299653,2.4982027519879266,-0.6308775932003203
455,2211.381320841781,-3.0983131803029265,-25.561542458823983,-22.25073343738468,-2.57706966013944,5.281126396495649,-4.718284658548402,-2.4094407438666665,3.8959778399266822,8.076656247561896
456,2210.5506662369617,5.164286042045151,-7.391382086371949,-4.303747238241627,-1.5847553550202298,-6.18779315201557,-0.8179285312213518,5.971312302809506,-5.853923305550775,-4.487269779431159
457,2209.571911773869,48.704947342503566,1.6112745722906903,-4.505540001105161,12.994091229978109,4.347237672847946,5.332373793815965,-2.1204749752774146,4.969666236126567,2.5791598541580076
458,2208.6125827449196,-3.441816304031742,0.74172227398464,-4.656685908378186,8.252515901124564,5.801194653977863,3.948597857728127,-6.84568481379581,1.2888934388556208,3.82951847911268
459,2206.77642290116,-3.3307513742970074,-81.69326689717556,-14.064382416969265,9.049553449325892,7.910381232489152,1.2921491059216774,-1.9652133709064388,-6.800053335106681,-3.168193152037831
460,2205.8617576103147,-3.307421837615586,-70.90452645897457,-11.7455284827569,15.512804087471233,8.254042917349748,0.9307336864186974,-1.0463010804484443,-12.270809527153975,-5.898003352748209
461,2204.6994938206817,-3.2892368780915087,-89.70386319036479,-13.75139977309072,11.31552926575748,4.327070717268772,-0.5637552342273148,-5.678005459925294,-1.7030185237005417,1.1729176942618396
462,2204.1352062488177,-3.4717048448455996,-40.18569809622977,33.45603531175163,12.298913715629519,14.107883403001827,-12.446160174260127,-5.116519285349715,-4.469537510646909,-0.28050485820900173
463,2203.0454663049886,-3.7675449069473084,-47.84628576124728,32.00246198115404,17.32733223432885,13.76785724269678,-13.57941863511675,-9.643239746790824,-5.93568900715359,-0.4652310282192193
464,2203.1168649854762,-1.3334572455796834,55.48276908846829,-20.381144479407265,15.909153426328102,6.460959578405588,-8.803324258909253,-6.688436404911062,-12.301237990812915,-7.449950876324949
465,2201.152669213304,-3.1449074943013478,-43.10797823451705,20.058825293280766,0.3892552307920686,9.251574812696688,-3.9529436480162508,-2.1733632616879834,-5.900419866538915,0.7264505686771089
466,2200.1795373440905,-2.865850408645746,-38.87700793016623,27.959066655326723,0.8126662684199492,13.587274492477988,-4.81484153192295,-2.1780913160204824,-7.8590095549216255,1.9970374696991888
467,2198.745700753124,-3.5638038169354838,-80.71054002903377,-9.365291228383688,25.32941145296633,5.554723073700819,-3.2415628559020564,-6.53538796516923,-7.717816202287995,-1.347163961566103
468,2198.052019717738,-3.1600380839685718,-54.9418240614378,17.45999617091103,-1.4055840242043887,-5.173654409501662,-14.61143646188277,-2.5454615158639573,-5.92329901496357,-0.04504089175045919
469,2197.229676412479,-3.035660248055422,-36.05591154298462,-11.581822434274649,4.727390421877135,16.891513463824626,4.576339416549218,5.454959419048599,-7.120603778610367,-9.734650652439091
470,2197.014501358527,-1.5415457581013041,44.97544889381518,-14.28626934152974,16.16655742404034,4.563882876890878,-8.184011562690527,-7.3228562882417725,-9.288126985653957,-6.461161387311982
471,2195.027821517419,-3.2794280491935757,-58.763528364373954,-15.384894844730276,-1.7494143404977343,8.589258811814947,-1.59929853856535,-1.7269790445425177,-4.14247631643909,-1.893313641542592
472,2194.14104190858,-3.348325507838972,-43.01629995781659,25.819189277162767,3.345780514434171,11.598243727208185,-4.6299859620560095,-5.487137390763266,-3.554794992503213,2.028105855050356
473,2193.8922996488486,-1.5276150601175367,32.50868749249447,-10.131598038268013,14.740871477789515,5.0430307194077795,-4.932288613979436,-2.279849468052735,-11.824099306930101,-9.722432762039595
474,2192.691468459186,-2.9252003687849197,9.523940186731837,-16.223569181540103,5.140620775566147,12.88359442181767,0.10881497759336148,7.225507357634449,-4.80211440252475,-6.858369838190424
475,2190.929244468157,-3.7066323297106027,-63.28291788441229,17.496171910586284,6.728444451582365,17.646322316834397,-8.907895839717025,-2.9038098874425815,-0.714964173904919,-2.176837481418605
476,2189.7740467238227,-3.1705209594203176,-84.29222680177399,-14.778310909566347,2.441133759726979,4.355442675837197,0.13265138952541622,1.975775003690064,-3.961938530610717,0.18182989722204668
477,2188.7686818856905,-3.0890023813567273,-84.613665763588,-17.056437238051917,0.8355823847077756,11.42938405915784,1.2871680910360572,1.927110327081544,-1.4767478021274654,1.4821412187252718
478,2187.76899653714,-3.415103645290638,-84.06667078146599,-15.821851326628384,4.314917921695804,4.706859357108564,-1.4460586794490513,1.9978484754586288,-5.6849126198817705,-3.3122570622677125
479,2186.911303086292,-3.2189991854899884,-65.70049213375134,19.306919170846857,5.70302601651721,12.084471525343899,-10.929687596571762,-4.471109785817289,1.0481686673812423,-0.45459296004652033
480,2185.8250391102097,-3.28215958283372,-77.35204288381263,-10.068074712570523,5.692537482356504,8.097805876545612,1.951549084446305,-1.3861222742884358,-5.650408077646341,-0.3656251484904079
481,2184.7455977143463,-3.3938092479219235,-83.49098824163568,-10.229711948352655,12.804186862190948,10.830010302518852,1.4804058275121286,-3.3459654676413715,-4.3931103234221895,1.6018766707075789
482,2183.9235025384082,-3.4152667855653394,-65.31868450605432,9.0263889700866,5.179463478856514,10.674083559408082,-7.449066383003567,1.4438611227928446,-5.928401332406451,-7.647909540139717
483,2182.8248094930377,-3.2737247591247733,-77.66278709193539,-11.253010187516052,5.193717957744127,7.705505924485492,2.0922328187097534,2.429890866008898,-7.0177542777708,-2.1657922469753172
484,2181.9934105419684,-3.30042065440404,-58.065358909697366,17.154939492398118,6.490669165329342,7.9171634322497,-9.810461051530707,2.1592611777431845,-2.8646889171285865,-6.011182124671484
485,2180.9274724722995,-3.361532079935891,-62.4638416264935,16.144103252898667,20.02816144020333,-4.989248602899204,-19.36624764599709,-8.356424658913213,-5.229915668269306,-0.5911388006751553
486,2179.8489747584704,-3.2940931697478493,-74.97541321498596,-12.497984856566314,9.870434688986323,1.6495073912007623,-1.027714977935532,-0.2764934746089003,-5.481888372604033,-1.906264518497457
487,2178.9948701668222,-2.653978800283706,-58.73464558565158,27.537982881614514,-1.6121180661156018,3.6795533875176236,-21.87555394499349,1.937175958845082,-1.0255807672077075,-1.444894937361221
488,2178.198335238419,-3.17684082118824,-39.608529065054526,12.431364354749167,0.9264043003444163,-3.3431269575128013,-12.337924128344918,-3.0434925981389127,-7.590204529853893,1.2920267349128665
489,2176.759865554241,-3.4064344705052285,-83.95254399719093,-16.459257596777082,6.295206690965496,5.647501144524395,-3.3417409378103318,-2.1076913798391304,-6.39692081021847,-3.0567803667162323
490,2176.191824210088,-3.8795862964059684,-37.824854745290956,19.85542620854013,8.823798553806359,8.056963165068764,-1.8305549133168906,-2.2393223699704325,-6.749278568978535,1.0861828172290247
491,2175.019426813927,-3.719394562054736,-48.04988760989283,32.69645117883388,27.8482459609598,13.493594200107633,-16.636894263295485,-8.894807109558728,-2.5877899525648145,-2.4984846070341393
492,2174.0770736885006,-3.2385338238115318,-48.1158970724573,27.593753701454915,7.8698020828618045,9.140148418595754,-15.676421071256325,2.601168448097961,-3.8050342118184624,-1.522242542824451
493,2173.0502475496633,-3.1781089925299155,-53.89701908690104,19.80420767960063,1.2744695625229006,2.2897268488910703,-10.155710625208293,-1.5440671966820032,-4.139232309450982,0.42104152908344705
494,2172.0491767262747,-3.6307923707305307,-45.95994467939122,33.05719822682665,23.667728098765124,12.925101217398515,-15.780881611254417,-7.386325089791053,-5.5070619856200205,-2.522046207021478
495,2170.821560994728,9.977175944979285,-76.9834787280338,-15.396939122936644,2.346063106412649,10.345075899868979,1.5547182510567092,2.144280469660911,-6.291512993190859,-5.0816745209718
496,2170.2785592145656,-3.2057170665697647,-29.017083504727594,14.60541391498759,11.49127453819817,10.370139366050728,0.6586267980050706,1.9037207463976427,-4.680558658214892,-1.0547473319618628
497,2170.0860003516104,-1.4915597219932941,51.60329033139835,-22.717146519780567,11.326259863386113,9.503661752830793,-8.887085555984529,-6.481341997684941,-9.63649142519451,-7.03595006124926
498,2167.8940928390775,-1.5639418033219594,-66.96531074733832,16.408663453606838,8.281253173402593,9.33895184504284,-12.817269666863499,-4.5264615328514,-0.3457469504948676,-2.3372747545282633
499,2166.767087912368,-3.2439329799877332,-83.77860681603106,-12.239432843847254,8.318779050651928,-1.078381446407698,0.12736915709913724,-5.768805409042332,-3.843312327369873,-0.12461064870520493
